Dataset,Sample index,True class,Predicted class,True class name,Predicted class name,Correct,Method,Top features,Jaccard@10,Spearman,Cosine
Fused pseudo sensitivity,0,17,17,wannacry,wannacry,True,SHAP,network__n_public_ips=0.238817; network__n_unique_ips=0.228434; memory__total_processes=0.142855; memory__n_created_dll=0.0751348; disk__parent_size=0.0580124; disk__size_delta=0.0444286; network__domains_per_conn=0.0254908; memory__n_registry_hklm=0.0249593; disk__parent_is_i386=0.0209477; disk__parent_is_dotnet=0.0158585,0.8818181818181816,0.9580519480519479,0.9966896859730572
Fused pseudo sensitivity,0,17,17,wannacry,wannacry,True,LIME,network__n_unique_ips=0.181239; network__n_public_ips=0.178542; memory__total_processes=0.093106; memory__n_created_dll=0.0346308; disk__parent_is_i386=0.0289238; network__avg_domain_len=0.0219259; disk__parent_size=0.0165961; memory__n_registry_hklm=0.0154432; disk__parent_is_dotnet=0.0141483; disk__size_delta=0.0137363,0.7462703962703963,0.6765584415584416,0.8448846945653099
Fused pseudo sensitivity,0,17,17,wannacry,wannacry,True,SRC,disk__parent_size=0.0595704; memory__n_created_dll=0.00923106; disk__size_delta=0.00916053; network__domains_per_conn=0.00813399; network__mean_domain_entropy=0.00796264; disk__parent_is_i386=0.00717857; network__avg_domain_len=0.00629473; disk__parent_is_dotnet=0.00526061; memory__total_processes=0.00465224; network__n_public_service_domains=0.00287556,0.5558608058608059,0.5382467532467533,0.7658569158900517
Fused pseudo sensitivity,3,9,9,SalatStealer,SalatStealer,True,SHAP,memory__n_registry_hklm=0.0987784; memory__modules_count=0.081663; memory__n_created_tmp=0.0477055; memory__n_created_dll=0.0349756; memory__total_processes=0.0323682; disk__parent_is_dotnet=0.027325; disk__parent_size=0.0258016; network__domains_per_conn=0.0178348; disk__parent_is_i386=0.0168952; network__avg_domain_len=0.0136732,0.8560606060606061,0.9236363636363636,0.9931774413068872
Fused pseudo sensitivity,3,9,9,SalatStealer,SalatStealer,True,LIME,disk__parent_is_i386=0.051306; memory__total_processes=0.0429535; memory__modules_count=0.0290062; memory__n_created_tmp=0.0238962; memory__n_registry_hklm=0.0175936; memory__n_created_dll=0.0174043; network__n_unique_ips=0.0125124; network__n_public_ips=0.0100742; disk__parent_size=0.0100002; network__avg_domain_len=0.00795814,0.6536130536130534,0.6281168831168831,0.7264571009981102
Fused pseudo sensitivity,3,9,9,SalatStealer,SalatStealer,True,SRC,disk__size_delta=0.0816008; disk__parent_sections=0.0769675; disk__path_len=0.0628862; network__mean_domain_entropy=0.0553369; memory__n_registry_hklm=0.049704; memory__n_created_dll=0.0438328; memory__path_len=0.0426131; disk__parent_is_i386=0.0420719; network__avg_domain_len=0.0420257; disk__parent_size=0.0388142,0.4991966366966366,0.4378571428571429,0.8651981391505951
Fused pseudo sensitivity,6,2,2,Black Suit,Black Suit,True,SHAP,memory__total_processes=0.0595735; disk__parent_size=0.0531167; memory__n_registry_hklm=0.0426563; disk__parent_is_dotnet=0.0416123; disk__parent_is_i386=0.0209083; memory__n_created_tmp=0.0207541; memory__path_len=0.0206265; memory__modules_count=0.0200352; network__n_unique_ips=0.0169898; disk__parent_sections=0.0166996,0.772027972027972,0.8660389610389609,0.9678138456668444
Fused pseudo sensitivity,6,2,2,Black Suit,Black Suit,True,LIME,disk__parent_is_dotnet=0.0223678; memory__total_processes=0.0175826; disk__parent_size=0.0134556; memory__n_registry_hklm=0.0121319; disk__parent_is_i386=0.0115659; memory__n_created_dll=0.00960953; network__n_unique_ips=0.00647752; network__n_public_ips=0.0059813; disk__size_delta=0.00545302; disk__path_len=0.00513259,0.7144522144522144,0.6173376623376623,0.6021878216154494
Fused pseudo sensitivity,6,2,2,Black Suit,Black Suit,True,SRC,network__mean_domain_entropy=0.143109; disk__size_delta=0.142229; network__domains_per_conn=0.126017; disk__parent_is_dotnet=0.0661325; memory__n_created_tmp=0.0535802; network__avg_domain_len=0.0463413; memory__n_created_dll=0.0395088; disk__parent_is_i386=0.0362103; memory__n_registry_hklm=0.0318583; memory__path_len=0.024997,0.5994671994671994,0.598181818181818,0.9266087552258592
Fused pseudo sensitivity,7,6,6,NanoCore,NanoCore,True,SHAP,disk__parent_sections=0.0900506; disk__parent_is_i386=0.078872; disk__parent_size=0.0648858; memory__total_processes=0.061919; network__n_public_ips=0.0516533; network__n_unique_ips=0.0491084; memory__n_created_dll=0.0483061; disk__size_delta=0.0469104; disk__path_len=0.0432945; memory__n_created_tmp=0.0355863,0.8848484848484848,0.9010389610389609,0.9638445374701746
Fused pseudo sensitivity,7,6,6,NanoCore,NanoCore,True,LIME,memory__total_processes=0.0712809; memory__n_created_dll=0.0516606; disk__parent_is_i386=0.0437644; disk__parent_is_dotnet=0.037149; network__n_unique_ips=0.0347146; network__n_public_ips=0.0271409; disk__parent_sections=0.0268513; disk__path_len=0.0221563; memory__n_created_tmp=0.0220633; network__n_public_service_domains=0.0151901,0.6478687978687978,0.6678571428571429,0.8627453442713169
Fused pseudo sensitivity,7,6,6,NanoCore,NanoCore,True,SRC,disk__size_delta=0.12743; disk__parent_sections=0.0828211; memory__n_created_tmp=0.067765; disk__parent_is_i386=0.0532171; memory__total_processes=0.0494602; disk__path_len=0.0481668; memory__path_len=0.0439583; memory__n_created_dll=0.0439028; network__mean_domain_entropy=0.0421752; network__domains_per_conn=0.0323396,0.4356631930161342,0.22422077922077918,0.7769197614203541
Fused pseudo sensitivity,9,11,11,Stealc,Stealc,True,SHAP,disk__parent_sections=0.0981875; disk__parent_size=0.090258; disk__parent_is_gui=0.0771527; disk__parent_is_i386=0.0619405; memory__n_created_tmp=0.0553088; disk__parent_is_dotnet=0.0451083; memory__total_processes=0.0445656; memory__n_created_dll=0.0314044; disk__path_len=0.0305697; network__mean_domain_entropy=0.0267152,0.8208624708624708,0.9359090909090909,0.9716671216048101
Fused pseudo sensitivity,9,11,11,Stealc,Stealc,True,LIME,disk__parent_sections=0.043379; memory__total_processes=0.0340288; memory__n_created_tmp=0.0227414; disk__parent_size=0.0165382; disk__parent_is_dotnet=0.0142419; network__n_unique_ips=0.0125844; network__mean_domain_entropy=0.0120248; network__avg_domain_len=0.0103298; network__n_unique_tlds=0.0101544; disk__parent_is_i386=0.00783418,0.6083749583749583,0.5544155844155844,0.7996342081146283
Fused pseudo sensitivity,9,11,11,Stealc,Stealc,True,SRC,memory__n_created_dll=0.156205; memory__n_registry_hklm=0.111306; disk__size_delta=0.0797584; disk__parent_size=0.0779985; disk__parent_is_i386=0.0630499; memory__modules_count=0.0511577; memory__total_processes=0.0370279; disk__parent_is_gui=0.0317299; disk__parent_is_dotnet=0.024948; network__n_public_service_domains=0.0238398,0.44713619713619723,0.37792207792207794,0.8025103406322515
Fused pseudo sensitivity,10,1,1,AsyncRAT,AsyncRAT,True,SHAP,disk__parent_size=0.305968; disk__parent_is_dotnet=0.111163; disk__size_delta=0.0750558; memory__total_processes=0.0651401; disk__parent_is_i386=0.0494761; memory__n_created_dll=0.043062; disk__path_len=0.0428911; network__avg_domain_len=0.030478; disk__parent_sections=0.0299658; memory__n_created_tmp=0.0265616,0.8833333333333332,0.8677922077922077,0.9132911964406277
Fused pseudo sensitivity,10,1,1,AsyncRAT,AsyncRAT,True,LIME,disk__parent_size=0.0198889; disk__parent_is_dotnet=0.0184394; memory__total_processes=0.0162933; memory__n_created_dll=0.0126232; memory__path_len=0.0114504; disk__path_len=0.0110213; network__avg_domain_len=0.00967054; network__mean_domain_entropy=0.00889034; memory__n_registry_hklm=0.00789129; memory__n_created_tmp=0.00769451,0.4540750915750916,0.40838303567490525,0.2955060748736792
Fused pseudo sensitivity,10,1,1,AsyncRAT,AsyncRAT,True,SRC,network__mean_domain_entropy=0.0387187; disk__path_len=0.0347189; network__avg_domain_len=0.0340965; memory__path_len=0.0252935; network__n_unique_tlds=0.0159624; disk__parent_sections=0.0137954; memory__path_entropy=0.0135576; memory__n_created_dll=0.0122576; memory__n_created_tmp=0.0110191; disk__size_delta=0.00829957,0.33028442146089204,0.04831168831168831,0.6696118551893274
Fused pseudo sensitivity,13,12,5,a310logger,MedusaLocker,False,SHAP,disk__parent_is_dotnet=0.0801947; disk__size_delta=0.0588408; disk__path_len=0.0461373; disk__parent_is_i386=0.0285016; disk__parent_sections=0.0215271; memory__n_created_dll=0.0213723; memory__total_processes=0.0205208; network__n_unique_ips=0.019058; network__n_public_ips=0.0179922; memory__path_len=0.0157146,0.8136363636363637,0.9124025974025972,0.9699888838385459
Fused pseudo sensitivity,13,12,5,a310logger,MedusaLocker,False,LIME,disk__parent_is_dotnet=0.0377961; disk__parent_is_i386=0.0178486; disk__parent_size=0.0156205; disk__size_delta=0.0136604; disk__path_len=0.00974313; memory__total_processes=0.00964175; disk__parent_sections=0.00834593; memory__n_created_dll=0.00799332; network__n_unique_tlds=0.00735822; network__n_public_service_domains=0.0053431,0.7027972027972028,0.6122271556611567,0.5572697338893227
Fused pseudo sensitivity,13,12,5,a310logger,MedusaLocker,False,SRC,network__mean_domain_entropy=0.105985; network__avg_domain_len=0.100374; network__domains_per_conn=0.0896711; disk__path_len=0.0839235; disk__size_delta=0.0790925; disk__parent_size=0.0544123; memory__path_entropy=0.0416294; memory__n_registry_hklm=0.0397786; memory__modules_count=0.0262229; memory__n_created_dll=0.0100646,0.701032301032301,0.790064935064935,0.9378202641009883
Fused pseudo sensitivity,15,0,2,Akira,Black Suit,False,SHAP,disk__size_delta=0.070727; disk__parent_size=0.0663628; disk__parent_is_dotnet=0.0558381; memory__n_created_dll=0.0381695; memory__n_created_tmp=0.0296822; memory__total_processes=0.025234; disk__parent_is_i386=0.0250525; disk__parent_sections=0.0206379; memory__path_len=0.0176903; network__avg_domain_len=0.0163569,0.7681818181818182,0.9279870129870128,0.978554849203289
Fused pseudo sensitivity,15,0,2,Akira,Black Suit,False,LIME,disk__parent_is_dotnet=0.0221033; memory__total_processes=0.013898; disk__parent_size=0.0118079; disk__parent_is_i386=0.0110846; disk__size_delta=0.0104996; memory__n_created_dll=0.010117; memory__n_registry_hklm=0.00869896; network__mean_domain_entropy=0.00500897; network__n_public_service_domains=0.00413584; network__n_public_ips=0.00314794,0.6853146853146852,0.6041954306049898,0.4849083344566446
Fused pseudo sensitivity,15,0,2,Akira,Black Suit,False,SRC,memory__n_created_tmp=0.18426; network__avg_domain_len=0.17832; disk__path_len=0.175465; disk__size_delta=0.149691; memory__modules_count=0.128165; disk__parent_size=0.113209; memory__n_registry_hklm=0.0767914; network__domains_per_conn=0.071507; memory__path_len=0.0608242; disk__parent_is_i386=0.0563992,0.8896103896103897,0.9064285714285714,0.9714055978735404
Fused pseudo sensitivity,16,10,10,Socks5Systemz,Socks5Systemz,True,SHAP,disk__parent_sections=0.234554; disk__parent_size=0.088608; disk__parent_is_i386=0.0597679; memory__total_processes=0.0534883; disk__size_delta=0.0503615; disk__parent_is_dotnet=0.046733; memory__n_created_dll=0.0430827; disk__path_len=0.042253; memory__n_created_tmp=0.0267954; network__n_public_service_domains=0.0112068,0.8045454545454545,0.9276623376623375,0.9740812150788866
Fused pseudo sensitivity,16,10,10,Socks5Systemz,Socks5Systemz,True,LIME,disk__parent_sections=0.0316398; disk__parent_is_i386=0.0187901; memory__n_created_dll=0.0128197; disk__size_delta=0.0120708; network__domains_per_conn=0.0116257; memory__total_processes=0.011439; network__n_public_ips=0.00898486; network__avg_domain_len=0.00832433; network__mean_domain_entropy=0.00701568; disk__parent_is_dotnet=0.00646271,0.5582417582417583,0.5321833716878067,0.42354651572378665
Fused pseudo sensitivity,16,10,10,Socks5Systemz,Socks5Systemz,True,SRC,memory__modules_count=0.152321; network__domains_per_conn=0.139622; network__mean_domain_entropy=0.112605; memory__n_created_dll=0.0666158; disk__parent_is_i386=0.065588; memory__n_created_tmp=0.0647198; disk__parent_sections=0.0628319; network__avg_domain_len=0.0374506; disk__parent_size=0.0365425; disk__path_len=0.0271409,0.4883449883449883,0.391038961038961,0.7241335009745352
Fused pseudo sensitivity,17,3,3,CoinMiner,CoinMiner,True,SHAP,disk__size_delta=0.0714285; disk__parent_size=0.0670346; disk__parent_is_dotnet=0.0340813; disk__parent_is_i386=0.0291115; network__mean_domain_entropy=0.0284872; memory__modules_count=0.0283048; memory__n_registry_hklm=0.0232269; disk__path_len=0.0208394; disk__parent_sections=0.020144; memory__total_processes=0.0192161,0.6754079254079253,0.7259090909090908,0.8504892595996105
Fused pseudo sensitivity,17,3,3,CoinMiner,CoinMiner,True,LIME,disk__size_delta=0.0441127; disk__parent_size=0.0359445; memory__total_processes=0.0343082; disk__parent_sections=0.023501; memory__modules_count=0.0222331; disk__parent_is_dotnet=0.0215002; memory__n_created_dll=0.0202022; network__avg_domain_len=0.0141612; network__n_public_ips=0.0141352; network__n_unique_ips=0.0113948,0.6532634032634032,0.660064935064935,0.8052437383474593
Fused pseudo sensitivity,17,3,3,CoinMiner,CoinMiner,True,SRC,memory__total_processes=0.941823; network__domains_per_conn=0.396779; disk__parent_is_gui=0.376922; memory__n_registry_hklm=0.279151; network__avg_domain_len=0.256291; memory__path_len=0.240075; disk__parent_sections=0.221569; disk__path_len=0.187679; network__n_unique_tlds=0.145954; memory__path_entropy=0.142824,0.6562770562770563,0.6845454545454546,0.8990511168180941
Fused pseudo sensitivity,19,16,16,redline,redline,True,SHAP,memory__total_processes=0.164844; memory__n_created_dll=0.107257; disk__size_delta=0.0893638; disk__parent_size=0.0755953; memory__modules_count=0.0322656; disk__parent_is_i386=0.0280237; memory__path_entropy=0.0240141; network__mean_domain_entropy=0.0187466; disk__path_len=0.0168723; disk__parent_is_dotnet=0.015683,0.7451048951048951,0.8892207792207794,0.9953200981242081
Fused pseudo sensitivity,19,16,16,redline,redline,True,LIME,memory__total_processes=0.265531; memory__n_created_dll=0.0529219; network__n_unique_ips=0.0379098; disk__parent_is_i386=0.0370058; network__n_public_ips=0.0318926; disk__parent_sections=0.0220823; memory__modules_count=0.0209529; network__domains_per_conn=0.0185461; memory__path_entropy=0.017472; network__n_public_service_domains=0.0168006,0.5421245421245422,0.4861038961038961,0.6615216090514149
Fused pseudo sensitivity,19,16,16,redline,redline,True,SRC,network__avg_domain_len=0.331278; memory__modules_count=0.241219; network__mean_domain_entropy=0.214259; disk__size_delta=0.156872; memory__n_registry_hklm=0.113397; disk__parent_size=0.112438; disk__path_len=0.0964322; memory__path_len=0.0955377; disk__parent_is_dotnet=0.0890101; memory__n_created_dll=0.0764121,0.5430569430569431,0.5554545454545454,0.8857855393329448
Fused pseudo sensitivity,21,9,9,SalatStealer,SalatStealer,True,SHAP,memory__modules_count=0.119824; memory__total_processes=0.0983738; disk__parent_size=0.0930337; disk__size_delta=0.0746279; disk__parent_is_i386=0.0700981; memory__n_registry_hklm=0.062527; memory__n_created_tmp=0.0599777; disk__parent_sections=0.0559971; memory__n_created_dll=0.0434306; disk__parent_is_dotnet=0.0422852,0.9363636363636363,0.9844155844155844,0.9956010434671375
Fused pseudo sensitivity,21,9,9,SalatStealer,SalatStealer,True,LIME,memory__total_processes=0.0500435; disk__parent_is_i386=0.0497635; memory__modules_count=0.0388698; network__n_public_service_domains=0.0318484; disk__size_delta=0.0159527; disk__parent_size=0.0152853; memory__n_created_dll=0.0140907; memory__n_registry_hklm=0.0134509; disk__path_len=0.00975269; network__domains_per_conn=0.00938869,0.6122211122211121,0.5367051439713018,0.4583974116488722
Fused pseudo sensitivity,21,9,9,SalatStealer,SalatStealer,True,SRC,disk__parent_sections=0.130059; network__n_unique_tlds=0.0811464; disk__parent_size=0.0652699; disk__path_len=0.0580474; memory__path_entropy=0.0533113; memory__n_registry_hklm=0.0318227; disk__parent_is_dotnet=0.0249808; memory__modules_count=0.023514; disk__size_delta=0.0223071; network__n_public_service_domains=0.0212611,0.44394992262639327,0.353961038961039,0.6912058509326899
Fused pseudo sensitivity,22,1,1,AsyncRAT,AsyncRAT,True,SHAP,disk__parent_sections=0.0776638; disk__size_delta=0.0684988; disk__parent_size=0.0677517; memory__total_processes=0.0594617; memory__n_created_tmp=0.0455169; disk__parent_is_i386=0.0438717; disk__path_len=0.0437031; memory__modules_count=0.0406691; memory__n_created_dll=0.0355349; disk__parent_is_dotnet=0.0227323,0.9287878787878787,0.8789610389610388,0.9716529324248612
Fused pseudo sensitivity,22,1,1,AsyncRAT,AsyncRAT,True,LIME,memory__total_processes=0.0167775; memory__n_created_dll=0.0126453; memory__n_created_tmp=0.0112965; disk__parent_is_dotnet=0.0112601; disk__path_len=0.00882885; network__n_public_ips=0.00836488; disk__parent_is_i386=0.00731334; network__n_public_service_domains=0.00683742; network__mean_domain_entropy=0.00498629; memory__modules_count=0.00488378,0.48791208791208784,0.42590909090909096,0.2800882484005388
Fused pseudo sensitivity,22,1,1,AsyncRAT,AsyncRAT,True,SRC,disk__size_delta=0.199331; disk__path_len=0.0843664; memory__total_processes=0.0335138; memory__path_entropy=0.0277787; memory__path_len=0.0250085; disk__parent_is_dotnet=0.0185472; memory__n_created_tmp=0.0180172; network__mean_domain_entropy=0.0143599; memory__modules_count=0.0122879; memory__n_created_dll=0.0120803,0.5504786879786879,0.5334415584415584,0.9769576507303153
Fused pseudo sensitivity,26,17,17,wannacry,wannacry,True,SHAP,network__avg_domain_len=0.25025; network__mean_domain_entropy=0.14447; memory__total_processes=0.107763; memory__n_created_dll=0.0726927; disk__parent_size=0.0461788; memory__n_registry_hklm=0.0327814; disk__parent_is_i386=0.0169784; network__n_public_ips=0.015799; disk__parent_is_dotnet=0.0154375; network__n_unique_ips=0.0143786,0.9015151515151514,0.9287662337662338,0.9722094427126022
Fused pseudo sensitivity,26,17,17,wannacry,wannacry,True,LIME,memory__total_processes=0.0900052; network__n_unique_ips=0.0823302; network__n_public_ips=0.071991; network__avg_domain_len=0.0644917; memory__n_created_dll=0.0400111; disk__parent_is_i386=0.0339684; disk__parent_is_dotnet=0.0193886; network__mean_domain_entropy=0.0179328; memory__n_registry_hklm=0.0159919; network__n_unique_tlds=0.0112557,0.6454378954378954,0.5700000000000001,0.693184552880002
Fused pseudo sensitivity,26,17,17,wannacry,wannacry,True,SRC,disk__parent_size=0.151276; memory__n_registry_hklm=0.0405477; disk__parent_is_i386=0.0296793; memory__modules_count=0.0286929; memory__n_created_dll=0.0265959; network__domains_per_conn=0.025445; disk__parent_sections=0.0228666; disk__parent_is_dotnet=0.0217496; network__n_unique_tlds=0.0210804; network__avg_domain_len=0.0194653,0.44865869424692956,0.46350649350649353,0.9356098928843751
Fused pseudo sensitivity,29,16,16,redline,redline,True,SHAP,memory__total_processes=0.214835; memory__n_created_dll=0.138057; disk__parent_size=0.0924708; disk__path_len=0.0687009; disk__size_delta=0.0517635; disk__parent_sections=0.044029; memory__n_registry_hklm=0.0315347; network__avg_domain_len=0.0281342; disk__parent_is_dotnet=0.0265078; memory__modules_count=0.0224657,0.6949716949716949,0.8860389610389608,0.987191337807792
Fused pseudo sensitivity,29,16,16,redline,redline,True,LIME,memory__total_processes=0.258837; memory__n_created_dll=0.102259; network__n_public_ips=0.0742309; network__n_unique_ips=0.0600402; disk__parent_is_i386=0.0355014; disk__path_len=0.0326635; memory__n_registry_hklm=0.025601; memory__path_entropy=0.0175525; memory__n_created_tmp=0.0156272; memory__modules_count=0.0114478,0.506043956043956,0.44858906239170376,0.6590961868360143
Fused pseudo sensitivity,29,16,16,redline,redline,True,SRC,disk__size_delta=0.174347; memory__modules_count=0.142339; memory__n_created_tmp=0.13451; memory__n_created_dll=0.117942; memory__path_len=0.0865692; disk__parent_is_dotnet=0.0592951; network__mean_domain_entropy=0.0576554; memory__total_processes=0.0524379; network__avg_domain_len=0.0401809; memory__path_entropy=0.038203,0.7844988344988344,0.927077922077922,0.9863141050660449
Fused pseudo sensitivity,31,13,13,agenttesla,agenttesla,True,SHAP,memory__total_processes=0.184167; memory__n_created_dll=0.133539; disk__parent_is_dotnet=0.072051; disk__size_delta=0.0515374; network__domains_per_conn=0.0498156; disk__parent_size=0.0481328; disk__path_len=0.0380618; network__avg_domain_len=0.0344867; disk__parent_is_i386=0.0342459; disk__parent_sections=0.0341315,0.7754079254079254,0.8490259740259738,0.9736262538569511
Fused pseudo sensitivity,31,13,13,agenttesla,agenttesla,True,LIME,memory__total_processes=0.0506177; disk__parent_is_dotnet=0.0330355; disk__size_delta=0.0246162; memory__n_created_dll=0.0242989; network__domains_per_conn=0.0121965; network__avg_domain_len=0.0121404; network__n_unique_tlds=0.011601; memory__path_len=0.00941671; disk__path_len=0.0093436; disk__parent_size=0.00913825,0.49585414585414583,0.4476623376623377,0.4683244439547399
Fused pseudo sensitivity,31,13,13,agenttesla,agenttesla,True,SRC,disk__parent_size=0.159681; memory__n_created_dll=0.0984565; network__avg_domain_len=0.0844754; network__domains_per_conn=0.0623264; network__n_unique_tlds=0.0541375; memory__n_registry_hklm=0.0472215; memory__total_processes=0.0451241; memory__path_entropy=0.0447296; network__n_public_service_domains=0.0278913; network__n_unique_ips=0.0265471,0.5014152514152513,0.5201948051948052,0.9151077058724504
Fused pseudo sensitivity,33,13,13,agenttesla,agenttesla,True,SHAP,memory__total_processes=0.147909; memory__n_created_dll=0.102231; memory__n_registry_hklm=0.0727865; disk__parent_is_dotnet=0.0624885; disk__size_delta=0.0416339; disk__parent_size=0.0364428; disk__parent_is_i386=0.0358428; network__domains_per_conn=0.0345815; disk__path_len=0.0326984; network__avg_domain_len=0.0310911,0.6825008325008324,0.8656493506493506,0.975989648452777
Fused pseudo sensitivity,33,13,13,agenttesla,agenttesla,True,LIME,memory__total_processes=0.0497878; disk__parent_is_dotnet=0.0263889; memory__n_created_dll=0.0223203; disk__size_delta=0.0199344; network__domains_per_conn=0.0128512; network__avg_domain_len=0.0120584; disk__parent_sections=0.00808583; network__n_unique_tlds=0.00759837; network__n_public_ips=0.00483595; network__n_unique_ips=0.00471606,0.6271228771228771,0.5053624055822131,0.4155510269815631
Fused pseudo sensitivity,33,13,13,agenttesla,agenttesla,True,SRC,network__mean_domain_entropy=0.113862; network__domains_per_conn=0.107845; memory__n_created_dll=0.089252; network__avg_domain_len=0.0825587; memory__path_entropy=0.0603865; disk__parent_size=0.0484861; memory__n_created_tmp=0.0379494; disk__parent_sections=0.0362822; disk__size_delta=0.0309197; memory__total_processes=0.0287407,0.5085581085581086,0.4086363636363637,0.8124915078886792
Fused pseudo sensitivity,39,2,2,Black Suit,Black Suit,True,SHAP,disk__parent_is_dotnet=0.0608097; memory__total_processes=0.0550233; memory__n_created_dll=0.0501648; memory__path_len=0.0353315; disk__parent_is_i386=0.0271234; disk__parent_size=0.0263243; memory__path_entropy=0.024753; disk__parent_sections=0.0228651; network__n_unique_ips=0.0188048; disk__path_len=0.0178521,0.7614219114219114,0.8822727272727272,0.9529561914868043
Fused pseudo sensitivity,39,2,2,Black Suit,Black Suit,True,LIME,disk__parent_is_dotnet=0.0256121; memory__total_processes=0.0227725; disk__parent_size=0.0176338; disk__parent_is_i386=0.0122827; disk__path_len=0.0121585; memory__n_created_dll=0.00962974; disk__size_delta=0.00900898; network__mean_domain_entropy=0.00558815; memory__modules_count=0.00518996; memory__path_entropy=0.00367103,0.5586080586080586,0.5817532467532468,0.5815881781841059
Fused pseudo sensitivity,39,2,2,Black Suit,Black Suit,True,SRC,network__n_unique_tlds=0.186706; network__domains_per_conn=0.177408; memory__path_len=0.128095; memory__modules_count=0.112265; disk__path_len=0.0976174; memory__path_entropy=0.0817811; disk__parent_size=0.0768431; memory__n_created_tmp=0.0768145; memory__n_registry_hklm=0.0695047; network__avg_domain_len=0.0608048,0.6591242091242091,0.5892857142857143,0.824458403878892
Fused pseudo sensitivity,41,3,9,CoinMiner,SalatStealer,False,SHAP,disk__parent_size=0.0748281; disk__size_delta=0.0635345; memory__total_processes=0.0514478; disk__parent_is_i386=0.0482234; memory__n_registry_hklm=0.0384141; memory__modules_count=0.0319577; memory__n_created_dll=0.0211912; disk__parent_sections=0.0135038; memory__n_created_tmp=0.010766; disk__parent_is_dotnet=0.00959298,0.6742424242424241,0.938961038961039,0.9905920491730953
Fused pseudo sensitivity,41,3,9,CoinMiner,SalatStealer,False,LIME,disk__parent_is_i386=0.0424303; memory__total_processes=0.03647; disk__parent_size=0.0300932; memory__n_registry_hklm=0.0201701; disk__size_delta=0.0181328; memory__modules_count=0.0120793; network__n_public_service_domains=0.011047; network__domains_per_conn=0.0108819; memory__n_created_tmp=0.0105154; disk__path_len=0.0104319,0.6153846153846152,0.6522167356764486,0.8231799636629595
Fused pseudo sensitivity,41,3,9,CoinMiner,SalatStealer,False,SRC,memory__modules_count=0.229291; memory__total_processes=0.219891; network__avg_domain_len=0.210055; memory__n_created_dll=0.208802; memory__n_registry_hklm=0.183868; disk__size_delta=0.179517; network__n_unique_ips=0.178205; network__n_public_ips=0.178203; network__n_unique_tlds=0.175368; disk__parent_is_gui=0.168418,0.7591575091575091,0.6796103896103896,0.8951092242975452
Fused pseudo sensitivity,42,8,8,QuasarRAT,QuasarRAT,True,SHAP,disk__parent_size=0.148878; memory__n_registry_hklm=0.133422; disk__size_delta=0.121451; disk__parent_is_dotnet=0.073376; memory__n_created_dll=0.0650141; memory__n_created_tmp=0.0631214; disk__parent_is_i386=0.0550906; memory__modules_count=0.0471597; memory__total_processes=0.0373053; disk__path_len=0.0216626,0.9272727272727271,0.9172077922077921,0.9463659008996386
Fused pseudo sensitivity,42,8,8,QuasarRAT,QuasarRAT,True,LIME,memory__n_registry_hklm=0.0333208; memory__n_created_dll=0.0275261; network__domains_per_conn=0.0171379; disk__parent_is_i386=0.0144944; memory__total_processes=0.013221; network__n_unique_tlds=0.0117449; memory__modules_count=0.0117428; disk__size_delta=0.0113447; network__mean_domain_entropy=0.00984042; memory__n_created_tmp=0.00844469,0.6373792873792873,0.616103896103896,0.4532612894772138
Fused pseudo sensitivity,42,8,8,QuasarRAT,QuasarRAT,True,SRC,network__domains_per_conn=0.138578; network__mean_domain_entropy=0.135812; disk__parent_is_dotnet=0.118657; memory__n_created_tmp=0.112381; memory__path_entropy=0.105899; network__avg_domain_len=0.0642399; disk__parent_size=0.0639517; memory__n_created_dll=0.0616416; network__n_unique_ips=0.054577; network__n_public_ips=0.0545767,0.7741092241092241,0.9240909090909091,0.9827239050803931
Fused pseudo sensitivity,45,6,1,NanoCore,AsyncRAT,False,SHAP,memory__n_created_dll=0.0543333; disk__parent_is_dotnet=0.0408253; disk__size_delta=0.0337217; memory__total_processes=0.0334108; disk__parent_is_i386=0.0322228; disk__parent_size=0.02714; disk__path_len=0.0258563; memory__n_registry_hklm=0.0153775; memory__n_created_tmp=0.0151041; disk__parent_sections=0.0124849,0.9090909090909092,0.8952597402597402,0.9020865445461377
Fused pseudo sensitivity,45,6,1,NanoCore,AsyncRAT,False,LIME,disk__parent_size=0.0197003; disk__parent_is_dotnet=0.0178609; memory__total_processes=0.0148026; disk__parent_is_i386=0.00791383; disk__path_len=0.00747362; memory__n_created_dll=0.00721433; network__n_unique_ips=0.00567239; network__domains_per_conn=0.00429344; memory__path_entropy=0.00338842; memory__n_registry_hklm=0.00220449,0.4653846153846154,0.48603896103896105,0.6134751171609076
Fused pseudo sensitivity,45,6,1,NanoCore,AsyncRAT,False,SRC,memory__total_processes=0.416999; disk__size_delta=0.219413; network__mean_domain_entropy=0.170451; memory__n_created_dll=0.156885; network__avg_domain_len=0.148919; network__domains_per_conn=0.0961765; memory__n_created_tmp=0.0682814; network__n_unique_tlds=0.0354262; memory__n_registry_hklm=0.0287543; disk__path_len=0.0235146,0.6107725607725608,0.6656493506493505,0.9211652883681725
Fused pseudo sensitivity,49,10,10,Socks5Systemz,Socks5Systemz,True,SHAP,disk__parent_sections=0.230851; disk__parent_size=0.0962546; disk__path_len=0.0925246; disk__parent_is_i386=0.0601928; disk__size_delta=0.0518292; memory__total_processes=0.0476609; disk__parent_is_dotnet=0.0464958; memory__n_created_dll=0.0396646; memory__n_created_tmp=0.02443; memory__n_registry_hklm=0.0198863,1.0,0.9744805194805195,0.988173180966917
Fused pseudo sensitivity,49,10,10,Socks5Systemz,Socks5Systemz,True,LIME,disk__parent_sections=0.0389797; disk__parent_is_i386=0.0262725; memory__n_created_dll=0.0142211; memory__total_processes=0.0122085; disk__parent_size=0.00918721; disk__parent_is_dotnet=0.00900759; memory__n_registry_hklm=0.00876618; disk__size_delta=0.0081892; network__avg_domain_len=0.00717612; memory__n_created_tmp=0.00674754,0.5735098235098235,0.5953633336780169,0.6333760532023807
Fused pseudo sensitivity,49,10,10,Socks5Systemz,Socks5Systemz,True,SRC,network__domains_per_conn=0.099424; memory__total_processes=0.0947085; disk__size_delta=0.0809359; network__avg_domain_len=0.0646588; network__mean_domain_entropy=0.0594059; disk__path_len=0.0439707; memory__path_len=0.0253505; memory__n_created_tmp=0.0224723; network__n_unique_tlds=0.0216982; disk__parent_size=0.0188864,0.6302530802530801,0.6594805194805193,0.8680686385369929
Fused pseudo sensitivity,50,17,17,wannacry,wannacry,True,SHAP,network__avg_domain_len=0.162916; network__n_public_ips=0.141848; memory__total_processes=0.141237; network__n_unique_ips=0.138425; network__mean_domain_entropy=0.0903898; memory__n_created_dll=0.0779923; disk__parent_size=0.0455762; disk__size_delta=0.0293117; disk__parent_is_i386=0.0185059; network__domains_per_conn=0.0184169,0.8181818181818181,0.9642207792207792,0.99782287788941
Fused pseudo sensitivity,50,17,17,wannacry,wannacry,True,LIME,network__n_public_ips=0.178454; network__n_unique_ips=0.165698; memory__total_processes=0.101122; network__avg_domain_len=0.0560445; memory__n_created_dll=0.0417303; disk__parent_is_i386=0.0242683; disk__parent_is_dotnet=0.0174638; disk__parent_size=0.0162312; memory__path_len=0.0136705; memory__n_registry_hklm=0.0130209,0.6928904428904429,0.7155844155844155,0.8597158128010551
Fused pseudo sensitivity,50,17,17,wannacry,wannacry,True,SRC,disk__size_delta=0.109179; disk__parent_size=0.0618109; memory__n_created_dll=0.0289562; network__n_unique_tlds=0.0287543; disk__parent_is_i386=0.0232788; disk__parent_is_dotnet=0.0170592; memory__n_registry_hklm=0.0163692; memory__total_processes=0.0150864; network__avg_domain_len=0.00982536; memory__modules_count=0.0097083,0.5256410256410255,0.5948701298701299,0.9308198496602991
Fused pseudo sensitivity,53,11,11,Stealc,Stealc,True,SHAP,memory__total_processes=0.120798; disk__parent_size=0.10171; disk__parent_is_gui=0.096663; memory__n_created_tmp=0.0926276; memory__modules_count=0.0603842; disk__size_delta=0.0586641; disk__parent_is_i386=0.0570187; disk__parent_is_dotnet=0.0453886; memory__n_registry_hklm=0.0430704; memory__n_created_dll=0.0325038,0.806060606060606,0.8726623376623376,0.963903439737671
Fused pseudo sensitivity,53,11,11,Stealc,Stealc,True,LIME,memory__total_processes=0.0343557; memory__n_created_tmp=0.0264822; disk__parent_is_dotnet=0.022286; memory__n_registry_hklm=0.0192053; disk__parent_sections=0.0178844; memory__modules_count=0.0161616; network__mean_domain_entropy=0.015565; disk__parent_size=0.0144136; network__n_unique_tlds=0.0101535; network__n_public_ips=0.00958187,0.6076423576423575,0.6731168831168831,0.8264196923464336
Fused pseudo sensitivity,53,11,11,Stealc,Stealc,True,SRC,disk__size_delta=0.0287792; disk__parent_size=0.0244931; memory__n_registry_hklm=0.00198614; disk__parent_is_i386=0.00186836; memory__n_created_dll=0.00153085; disk__path_len=0.00151429; network__mean_domain_entropy=0.00143182; memory__modules_count=0.00139524; disk__parent_is_gui=0.00138528; memory__n_created_tmp=0.00131314,0.39731379731379735,0.2153246753246753,0.5861365657569698
Fused pseudo sensitivity,55,2,2,Black Suit,Black Suit,True,SHAP,disk__parent_size=0.0811034; disk__size_delta=0.0802699; disk__parent_is_dotnet=0.0689125; memory__total_processes=0.0449199; disk__path_len=0.0441402; memory__n_created_dll=0.0424128; disk__parent_is_i386=0.0354188; memory__modules_count=0.0348128; disk__parent_sections=0.0279573; memory__n_created_tmp=0.0261177,0.865151515151515,0.9143506493506492,0.9782455066490184
Fused pseudo sensitivity,55,2,2,Black Suit,Black Suit,True,LIME,disk__parent_is_dotnet=0.0300038; memory__total_processes=0.0165572; disk__parent_size=0.0164368; disk__size_delta=0.0118357; disk__parent_is_i386=0.0113079; memory__n_created_dll=0.0106796; network__n_public_ips=0.00945071; memory__n_registry_hklm=0.00940292; disk__parent_sections=0.00800766; network__n_public_service_domains=0.00731154,0.6996503496503496,0.6764935064935066,0.45561873846864465
Fused pseudo sensitivity,55,2,2,Black Suit,Black Suit,True,SRC,network__avg_domain_len=0.114076; disk__size_delta=0.0763782; network__domains_per_conn=0.0763674; memory__path_entropy=0.0633576; memory__path_len=0.039102; memory__n_registry_hklm=0.0386608; network__n_unique_tlds=0.0254365; memory__modules_count=0.0236211; memory__n_created_tmp=0.0219413; disk__path_len=0.0200129,0.5840825840825841,0.6711688311688311,0.9081394546398464
Fused pseudo sensitivity,57,12,12,a310logger,a310logger,True,SHAP,disk__parent_size=0.203062; disk__path_len=0.117774; disk__size_delta=0.112423; disk__parent_is_i386=0.0636216; memory__total_processes=0.0605349; memory__n_registry_hklm=0.0533644; disk__parent_is_dotnet=0.0435574; disk__parent_sections=0.0354605; memory__n_created_dll=0.0347408; network__domains_per_conn=0.0340433,0.8166666666666667,0.8957142857142856,0.9468629192659808
Fused pseudo sensitivity,57,12,12,a310logger,a310logger,True,LIME,memory__total_processes=0.0423118; disk__path_len=0.0361408; disk__parent_size=0.0290525; disk__parent_is_i386=0.028911; memory__n_created_dll=0.0152085; disk__size_delta=0.014091; network__domains_per_conn=0.012037; network__n_public_ips=0.0119613; disk__parent_sections=0.0114281; memory__n_registry_hklm=0.00948896,0.5787545787545787,0.5210129163513187,0.5322037579935922
Fused pseudo sensitivity,57,12,12,a310logger,a310logger,True,SRC,memory__total_processes=0.319147; memory__path_entropy=0.197413; network__domains_per_conn=0.143647; network__mean_domain_entropy=0.136815; memory__path_len=0.119875; network__n_unique_tlds=0.118207; memory__n_registry_hklm=0.0875772; disk__parent_is_dotnet=0.0802363; disk__parent_sections=0.0684183; memory__modules_count=0.0635175,0.5547785547785548,0.673051948051948,0.9147188019440871
Fused pseudo sensitivity,58,4,4,Kovter,Kovter,True,SHAP,disk__size_delta=0.198442; disk__parent_size=0.155931; memory__total_processes=0.104933; disk__parent_is_i386=0.0750396; network__n_public_ips=0.0462966; network__n_unique_ips=0.0458343; disk__parent_sections=0.045441; disk__parent_is_dotnet=0.0415982; memory__n_created_dll=0.0327376; memory__modules_count=0.0301312,0.8863636363636361,0.9629870129870131,0.9951485984738422
Fused pseudo sensitivity,58,4,4,Kovter,Kovter,True,LIME,memory__total_processes=0.053804; disk__parent_is_i386=0.0471812; disk__parent_is_dotnet=0.0272902; memory__n_created_dll=0.0266721; disk__size_delta=0.0246518; disk__parent_size=0.0214956; disk__parent_sections=0.0194103; network__mean_domain_entropy=0.0186395; network__avg_domain_len=0.0136355; memory__n_registry_hklm=0.0122416,0.7156177156177156,0.6811688311688312,0.5716387850854444
Fused pseudo sensitivity,58,4,4,Kovter,Kovter,True,SRC,memory__n_registry_hklm=0.175816; disk__path_len=0.145602; network__mean_domain_entropy=0.117866; disk__parent_sections=0.111645; network__avg_domain_len=0.0786531; disk__parent_is_i386=0.07226; disk__size_delta=0.0582566; memory__path_len=0.057124; memory__path_entropy=0.0542931; disk__parent_is_dotnet=0.0529537,0.4639194139194139,0.5114285714285715,0.8471790444590145
Fused pseudo sensitivity,62,15,15,lumma,lumma,True,SHAP,disk__size_delta=0.211579; memory__total_processes=0.193846; disk__parent_size=0.172789; memory__n_created_dll=0.120629; disk__parent_sections=0.0839392; disk__path_len=0.0508434; disk__parent_is_i386=0.0232116; disk__parent_is_dotnet=0.0185097; network__n_public_ips=0.0099389; network__domains_per_conn=0.00954442,0.7296037296037297,0.9494155844155845,0.9991207641590416
Fused pseudo sensitivity,62,15,15,lumma,lumma,True,LIME,memory__total_processes=0.0756595; disk__size_delta=0.0711713; disk__parent_size=0.0707625; memory__n_created_dll=0.027603; disk__parent_sections=0.025537; disk__parent_is_dotnet=0.0201654; network__n_public_ips=0.0147048; memory__modules_count=0.0120686; network__n_public_service_domains=0.0109334; disk__path_len=0.0096594,0.5796703296703296,0.5946753246753247,0.5820268830314956
Fused pseudo sensitivity,62,15,15,lumma,lumma,True,SRC,disk__size_delta=0.187949; memory__modules_count=0.113783; network__avg_domain_len=0.111731; network__mean_domain_entropy=0.0736685; network__n_unique_tlds=0.0729658; disk__path_len=0.0715462; disk__parent_size=0.0643574; memory__path_entropy=0.0609903; network__domains_per_conn=0.0293752; disk__parent_sections=0.0287213,0.6897269397269398,0.6773376623376623,0.8810332224881803
Fused pseudo sensitivity,64,7,7,Phorpiex,Phorpiex,True,SHAP,disk__parent_size=0.342331; network__n_unique_ips=0.104315; network__n_public_ips=0.0991949; memory__total_processes=0.0733431; disk__size_delta=0.0660026; disk__parent_is_dotnet=0.0593393; network__avg_domain_len=0.0283471; disk__parent_sections=0.0264213; network__mean_domain_entropy=0.0201089; memory__n_created_dll=0.0184852,0.8893939393939394,0.9617532467532468,0.871103878670864
Fused pseudo sensitivity,64,7,7,Phorpiex,Phorpiex,True,LIME,disk__parent_size=0.0400954; network__n_public_ips=0.0394464; memory__total_processes=0.0377845; network__n_unique_ips=0.0367841; disk__parent_is_dotnet=0.0182726; disk__size_delta=0.0157542; memory__n_created_dll=0.0146001; memory__path_len=0.011606; network__avg_domain_len=0.0103008; disk__parent_sections=0.00968497,0.639027639027639,0.6699999999999998,0.6907834563836104
Fused pseudo sensitivity,64,7,7,Phorpiex,Phorpiex,True,SRC,disk__size_delta=0.0411272; network__n_unique_tlds=0.0375777; network__n_public_ips=0.0255536; network__n_unique_ips=0.0255514; disk__parent_size=0.0198963; network__avg_domain_len=0.0173775; disk__parent_is_dotnet=0.0173254; network__domains_per_conn=0.0170603; memory__n_registry_hklm=0.0147832; network__n_public_service_domains=0.00947045,0.47408424908424907,0.37987012987012986,0.7600282181320235
Fused pseudo sensitivity,65,4,4,Kovter,Kovter,True,SHAP,disk__parent_is_i386=0.0674388; memory__total_processes=0.0567363; disk__parent_size=0.0501557; disk__size_delta=0.0395001; disk__parent_is_dotnet=0.0372367; disk__parent_sections=0.0273465; memory__n_created_dll=0.02254; memory__path_entropy=0.0196449; network__mean_domain_entropy=0.0176094; memory__n_registry_hklm=0.0170581,0.7735431235431236,0.9354545454545455,0.9830071170320887
Fused pseudo sensitivity,65,4,4,Kovter,Kovter,True,LIME,memory__total_processes=0.0507403; disk__parent_is_i386=0.0475178; disk__parent_is_dotnet=0.0270459; disk__size_delta=0.0223363; memory__n_created_dll=0.0219178; disk__parent_sections=0.0213887; disk__parent_size=0.0183512; memory__path_entropy=0.0114013; disk__path_len=0.0102298; memory__modules_count=0.00688549,0.6466033966033965,0.6284415584415585,0.7619571572446991
Fused pseudo sensitivity,65,4,4,Kovter,Kovter,True,SRC,network__mean_domain_entropy=0.364762; network__avg_domain_len=0.333823; network__domains_per_conn=0.198387; memory__n_registry_hklm=0.125609; disk__parent_is_i386=0.117077; disk__parent_is_dotnet=0.0857963; disk__parent_sections=0.0558168; disk__path_len=0.0553279; memory__n_created_tmp=0.0499183; network__n_public_service_domains=0.0468981,0.7666666666666667,0.8288311688311687,0.9513229400613612
Fused pseudo sensitivity,67,17,17,wannacry,wannacry,True,SHAP,network__avg_domain_len=0.215345; network__mean_domain_entropy=0.136725; memory__total_processes=0.125124; memory__n_created_dll=0.0724897; disk__parent_size=0.0650763; disk__size_delta=0.0561826; disk__parent_is_i386=0.0288094; disk__parent_sections=0.028466; memory__n_registry_hklm=0.0199507; network__n_unique_ips=0.0147939,0.8560606060606061,0.9640909090909092,0.975608288027044
Fused pseudo sensitivity,67,17,17,wannacry,wannacry,True,LIME,memory__total_processes=0.0993011; network__n_unique_ips=0.0843809; network__n_public_ips=0.0818993; network__avg_domain_len=0.0526818; disk__size_delta=0.0316988; disk__parent_size=0.0303916; memory__n_created_dll=0.0296782; disk__parent_sections=0.023957; memory__path_entropy=0.0184227; disk__parent_is_i386=0.0182632,0.517948717948718,0.502077922077922,0.6718884799614372
Fused pseudo sensitivity,67,17,17,wannacry,wannacry,True,SRC,disk__size_delta=0.0747249; network__mean_domain_entropy=0.0144802; network__domains_per_conn=0.0133923; network__avg_domain_len=0.0111504; disk__parent_is_i386=0.00952495; memory__n_registry_hklm=0.00906772; disk__parent_sections=0.00834216; disk__parent_is_dotnet=0.00698009; memory__modules_count=0.00629185; memory__total_processes=0.00617287,0.3458333333333333,0.2867532467532467,0.8282684418759688
Fused pseudo sensitivity,68,9,9,SalatStealer,SalatStealer,True,SHAP,disk__parent_size=0.0784622; memory__total_processes=0.0743906; memory__modules_count=0.0559756; disk__size_delta=0.0553713; memory__n_created_tmp=0.0407604; memory__n_registry_hklm=0.0388166; disk__parent_is_i386=0.0356158; disk__parent_sections=0.0313712; memory__path_entropy=0.0282983; memory__n_created_dll=0.0260311,1.0,0.8946103896103896,0.9915926571835924
Fused pseudo sensitivity,68,9,9,SalatStealer,SalatStealer,True,LIME,disk__parent_is_i386=0.0379955; memory__total_processes=0.0363707; memory__modules_count=0.0329588; disk__parent_size=0.022533; memory__n_created_tmp=0.0162338; disk__size_delta=0.0153035; memory__n_registry_hklm=0.0146419; network__n_public_service_domains=0.00938462; memory__path_entropy=0.00811337; disk__path_len=0.0073864,0.6777389277389276,0.7195454545454545,0.8295426378275741
Fused pseudo sensitivity,68,9,9,SalatStealer,SalatStealer,True,SRC,network__n_unique_ips=0.10023; network__n_public_ips=0.10023; disk__parent_is_gui=0.092979; disk__size_delta=0.0741589; disk__path_len=0.0719491; network__domains_per_conn=0.067742; memory__path_entropy=0.0571478; network__n_public_service_domains=0.0479304; disk__parent_size=0.0473309; memory__total_processes=0.0411581,0.5774392274392275,0.5727272727272726,0.8667545423164326
Fused pseudo sensitivity,69,8,8,QuasarRAT,QuasarRAT,True,SHAP,disk__parent_size=0.132387; memory__n_registry_hklm=0.108665; disk__size_delta=0.0922958; disk__parent_is_dotnet=0.0526973; memory__n_created_dll=0.0453597; disk__parent_is_i386=0.0430672; memory__total_processes=0.0359378; memory__path_len=0.0328118; memory__modules_count=0.0286835; disk__path_len=0.0216394,0.9454545454545453,0.9283116883116884,0.9576876657666771
Fused pseudo sensitivity,69,8,8,QuasarRAT,QuasarRAT,True,LIME,memory__total_processes=0.0341596; memory__n_registry_hklm=0.0289506; memory__n_created_dll=0.0278787; disk__parent_is_i386=0.0146703; memory__n_created_tmp=0.0107089; disk__parent_sections=0.00881676; disk__parent_is_dotnet=0.00832718; disk__parent_size=0.0073176; network__mean_domain_entropy=0.00682729; network__domains_per_conn=0.00502454,0.508058608058608,0.49499999999999994,0.5289106721261405
Fused pseudo sensitivity,69,8,8,QuasarRAT,QuasarRAT,True,SRC,memory__path_len=0.918816; memory__n_registry_hklm=0.432937; memory__n_created_dll=0.380969; memory__path_entropy=0.338555; network__avg_domain_len=0.310765; disk__parent_size=0.273293; memory__n_created_tmp=0.26364; disk__parent_is_gui=0.249144; network__mean_domain_entropy=0.215554; disk__parent_sections=0.187435,0.8889110889110888,0.9093506493506492,0.9842279125729162
Fused pseudo sensitivity,72,16,16,redline,redline,True,SHAP,memory__total_processes=0.229993; memory__n_created_dll=0.135172; disk__path_len=0.0883174; disk__parent_size=0.0681117; network__domains_per_conn=0.0611987; network__avg_domain_len=0.0482995; disk__parent_sections=0.0426578; disk__size_delta=0.0390805; network__mean_domain_entropy=0.0385839; disk__parent_is_i386=0.0286681,0.918181818181818,0.9527922077922077,0.9838942199262517
Fused pseudo sensitivity,72,16,16,redline,redline,True,LIME,memory__total_processes=0.264431; memory__n_created_dll=0.104226; network__n_unique_ips=0.0451226; network__n_public_ips=0.0348534; disk__path_len=0.0298631; network__domains_per_conn=0.0276768; disk__parent_is_i386=0.0235699; network__mean_domain_entropy=0.019158; disk__parent_size=0.013704; disk__parent_sections=0.0125296,0.5424408924408924,0.5235714285714285,0.8339766984784729
Fused pseudo sensitivity,72,16,16,redline,redline,True,SRC,memory__modules_count=0.232454; memory__n_registry_hklm=0.133762; memory__path_len=0.0956365; network__avg_domain_len=0.0940364; memory__n_created_dll=0.0815053; memory__n_created_tmp=0.0688634; disk__parent_is_dotnet=0.0535921; network__mean_domain_entropy=0.0484612; disk__parent_size=0.0427515; disk__size_delta=0.0395482,0.5594696969696968,0.49318181818181805,0.8014788008925576
Fused pseudo sensitivity,73,6,6,NanoCore,NanoCore,True,SHAP,disk__parent_sections=0.0907343; disk__parent_is_i386=0.079684; disk__parent_size=0.0744498; memory__total_processes=0.0668363; disk__size_delta=0.0520443; network__n_public_ips=0.0468455; network__n_unique_ips=0.0440367; memory__n_created_dll=0.03613; memory__n_created_tmp=0.0344036; memory__n_registry_hklm=0.0167647,0.8045454545454547,0.9387662337662336,0.9750789801605315
Fused pseudo sensitivity,73,6,6,NanoCore,NanoCore,True,LIME,memory__total_processes=0.0598143; network__n_unique_ips=0.0384582; disk__parent_is_i386=0.0374561; memory__n_created_dll=0.0372151; disk__parent_is_dotnet=0.0292662; disk__parent_sections=0.0291025; network__n_public_ips=0.0233281; memory__n_created_tmp=0.0174126; disk__parent_size=0.0170692; disk__path_len=0.0119485,0.6967365967365967,0.6456493506493507,0.844343925156427
Fused pseudo sensitivity,73,6,6,NanoCore,NanoCore,True,SRC,disk__parent_sections=0.14132; memory__n_created_tmp=0.13673; network__avg_domain_len=0.13295; memory__path_entropy=0.120106; network__mean_domain_entropy=0.116776; disk__parent_is_i386=0.116334; disk__parent_is_dotnet=0.100349; network__n_public_service_domains=0.0833506; network__n_unique_ips=0.0805452; network__n_public_ips=0.0805446,0.6311521811521812,0.5216233766233767,0.854391472532835
Fused pseudo sensitivity,75,14,14,lockbit,lockbit,True,SHAP,memory__total_processes=0.16391; disk__parent_size=0.133085; disk__path_len=0.119397; memory__n_created_dll=0.0994488; disk__parent_is_i386=0.0639698; disk__size_delta=0.0513403; disk__parent_sections=0.0469012; disk__parent_is_dotnet=0.0252819; network__n_unique_tlds=0.016768; network__domains_per_conn=0.0142509,0.9363636363636363,0.9409090909090908,0.9605692638005274
Fused pseudo sensitivity,75,14,14,lockbit,lockbit,True,LIME,memory__total_processes=0.077958; disk__parent_size=0.0610641; disk__path_len=0.038112; memory__n_created_dll=0.0255496; disk__parent_sections=0.0219723; disk__size_delta=0.014958; disk__parent_is_i386=0.0103309; network__n_public_ips=0.00855558; network__n_unique_ips=0.00644833; memory__n_created_tmp=0.00633575,0.6238761238761239,0.6356573449291166,0.5749987096718696
Fused pseudo sensitivity,75,14,14,lockbit,lockbit,True,SRC,network__n_public_service_domains=0.432865; network__avg_domain_len=0.374549; network__domains_per_conn=0.204733; network__n_unique_tlds=0.134511; disk__parent_sections=0.123164; memory__n_registry_hklm=0.0750107; network__mean_domain_entropy=0.0697143; memory__modules_count=0.0473749; disk__parent_is_i386=0.0446669; memory__n_created_tmp=0.0424197,0.7439393939393939,0.8177272727272727,0.9858865887301599
Fused pseudo sensitivity,76,4,4,Kovter,Kovter,True,SHAP,disk__size_delta=0.163441; disk__parent_size=0.116045; memory__total_processes=0.0848254; disk__parent_is_i386=0.0787134; disk__parent_is_dotnet=0.0392602; memory__n_registry_hklm=0.0391857; disk__parent_sections=0.0383406; network__domains_per_conn=0.0291676; network__n_public_ips=0.028719; network__n_unique_ips=0.0258237,0.9272727272727271,0.9120779220779222,0.9913873604440839
Fused pseudo sensitivity,76,4,4,Kovter,Kovter,True,LIME,memory__total_processes=0.0618247; disk__parent_is_i386=0.0466622; disk__size_delta=0.0300521; disk__parent_is_dotnet=0.0294429; memory__n_created_dll=0.0261736; memory__n_registry_hklm=0.0253169; disk__parent_size=0.0220464; disk__parent_sections=0.0195169; network__n_public_ips=0.0155933; disk__path_len=0.0144608,0.8227272727272726,0.7484415584415585,0.7561186071382717
Fused pseudo sensitivity,76,4,4,Kovter,Kovter,True,SRC,network__domains_per_conn=0.394133; network__mean_domain_entropy=0.293129; memory__n_registry_hklm=0.271169; memory__total_processes=0.245315; network__avg_domain_len=0.24138; memory__path_len=0.203453; disk__path_len=0.187252; disk__parent_sections=0.144133; disk__parent_is_i386=0.0902803; memory__n_created_tmp=0.0812511,0.7601232101232102,0.8888311688311686,0.9657886732899759
Fused pseudo sensitivity,78,3,3,CoinMiner,CoinMiner,True,SHAP,disk__parent_sections=0.114169; disk__parent_is_i386=0.0316976; memory__total_processes=0.0314592; memory__n_registry_hklm=0.0250076; disk__parent_size=0.0235352; disk__parent_is_dotnet=0.0192114; memory__n_created_dll=0.0183845; disk__size_delta=0.018263; network__n_public_service_domains=0.0171399; network__mean_domain_entropy=0.0142206,0.7575757575757576,0.8910389610389611,0.9875915560350574
Fused pseudo sensitivity,78,3,3,CoinMiner,CoinMiner,True,LIME,memory__total_processes=0.0371121; disk__parent_sections=0.0279476; disk__parent_is_dotnet=0.0214117; disk__size_delta=0.0204382; network__n_public_ips=0.0198546; network__n_public_service_domains=0.0117816; network__n_unique_ips=0.0115325; memory__modules_count=0.0112792; disk__parent_size=0.0109437; memory__n_created_dll=0.0105338,0.6864801864801864,0.6320129870129871,0.6940089296919231
Fused pseudo sensitivity,78,3,3,CoinMiner,CoinMiner,True,SRC,disk__parent_is_dotnet=0.904429; disk__path_len=0.901452; disk__parent_sections=0.451774; network__avg_domain_len=0.363338; memory__path_len=0.346831; network__n_public_service_domains=0.302677; disk__parent_size=0.296725; network__domains_per_conn=0.273146; memory__n_registry_hklm=0.179523; memory__total_processes=0.171965,0.9545454545454545,0.9800000000000001,0.9991094453530589
Fused pseudo sensitivity,81,14,14,lockbit,lockbit,True,SHAP,memory__total_processes=0.160544; disk__parent_size=0.13502; disk__path_len=0.109056; memory__n_created_dll=0.0903163; disk__parent_is_i386=0.0619657; disk__size_delta=0.0528945; disk__parent_sections=0.0488014; memory__n_registry_hklm=0.0339254; disk__parent_is_dotnet=0.0240559; network__n_public_ips=0.0150299,0.8363636363636363,0.9363636363636365,0.9648614966396265
Fused pseudo sensitivity,81,14,14,lockbit,lockbit,True,LIME,memory__total_processes=0.0774107; disk__parent_size=0.0693555; disk__path_len=0.0359965; memory__n_created_dll=0.0308683; disk__parent_sections=0.0205151; disk__size_delta=0.0193331; disk__parent_is_i386=0.0122095; network__n_unique_tlds=0.0105194; network__domains_per_conn=0.00868517; memory__path_len=0.00741007,0.6894771894771894,0.6910389610389609,0.6932919521977432
Fused pseudo sensitivity,81,14,14,lockbit,lockbit,True,SRC,network__mean_domain_entropy=0.605977; network__avg_domain_len=0.560944; network__domains_per_conn=0.557318; disk__parent_sections=0.270637; network__n_unique_tlds=0.235754; disk__parent_is_i386=0.149729; network__n_public_service_domains=0.131216; disk__parent_is_gui=0.1295; memory__n_registry_hklm=0.112642; disk__parent_is_dotnet=0.0645265,0.8909090909090909,0.918181818181818,0.9968805002394744
Fused pseudo sensitivity,83,15,16,lumma,redline,False,SHAP,memory__total_processes=0.170793; disk__parent_size=0.0520041; network__domains_per_conn=0.0365478; memory__n_registry_hklm=0.0317271; memory__n_created_tmp=0.0309547; disk__parent_is_i386=0.0294625; disk__path_len=0.0242522; network__avg_domain_len=0.0213691; network__n_public_ips=0.0213598; memory__modules_count=0.0209138,0.7057109557109557,0.8935064935064935,0.9904771413171242
Fused pseudo sensitivity,83,15,16,lumma,redline,False,LIME,memory__total_processes=0.254447; memory__n_created_dll=0.0639684; disk__parent_is_i386=0.0389722; network__n_unique_ips=0.0307223; memory__n_registry_hklm=0.0280875; disk__parent_is_dotnet=0.0265784; network__n_public_ips=0.0253152; disk__parent_size=0.0244441; memory__n_created_tmp=0.0225564; network__domains_per_conn=0.0211835,0.6369463869463868,0.6205194805194805,0.8605692088664917
Fused pseudo sensitivity,83,15,16,lumma,redline,False,SRC,disk__size_delta=0.242092; disk__parent_size=0.192964; network__avg_domain_len=0.191671; memory__modules_count=0.173343; network__mean_domain_entropy=0.143688; network__n_unique_tlds=0.139655; memory__n_created_tmp=0.100999; memory__path_len=0.0950261; memory__path_entropy=0.0884283; memory__n_registry_hklm=0.075667,0.5114219114219115,0.5049999999999999,0.8441055485386952
Fused pseudo sensitivity,86,5,2,MedusaLocker,Black Suit,False,SHAP,disk__parent_size=0.0608452; disk__parent_is_dotnet=0.0536132; memory__modules_count=0.0286097; memory__n_created_tmp=0.0199691; disk__parent_is_i386=0.0186181; disk__parent_sections=0.0168393; disk__path_len=0.0158004; memory__path_len=0.0154264; memory__n_created_dll=0.0124383; memory__path_entropy=0.0117589,0.8575757575757577,0.7563636363636363,0.9125119298424792
Fused pseudo sensitivity,86,5,2,MedusaLocker,Black Suit,False,LIME,disk__parent_is_dotnet=0.0226035; memory__total_processes=0.0149472; disk__parent_size=0.0126458; disk__parent_is_i386=0.0114947; disk__size_delta=0.00875577; memory__path_entropy=0.00785083; memory__n_created_dll=0.00751738; network__n_public_ips=0.00536222; disk__parent_sections=0.0052073; memory__n_registry_hklm=0.00435486,0.6789044289044288,0.6779617909297423,0.7726625039611976
Fused pseudo sensitivity,86,5,2,MedusaLocker,Black Suit,False,SRC,memory__modules_count=0.192352; disk__size_delta=0.14937; memory__path_entropy=0.145313; network__n_unique_tlds=0.101564; memory__n_created_tmp=0.0898414; memory__n_registry_hklm=0.0797822; memory__n_created_dll=0.0678901; memory__path_len=0.0675134; disk__path_len=0.0574434; disk__parent_size=0.0523991,0.7237595737595737,0.7125974025974027,0.8739784833027912
Fused pseudo sensitivity,87,10,6,Socks5Systemz,NanoCore,False,SHAP,disk__parent_size=0.0936171; disk__parent_is_i386=0.0814986; disk__parent_sections=0.0661532; memory__total_processes=0.0510043; disk__size_delta=0.0494531; disk__path_len=0.0479727; memory__n_created_dll=0.0383383; network__avg_domain_len=0.0315615; network__n_unique_ips=0.0294108; network__n_public_ips=0.0289389,0.8435897435897436,0.9672727272727274,0.9865272698146601
Fused pseudo sensitivity,87,10,6,Socks5Systemz,NanoCore,False,LIME,memory__total_processes=0.0737333; disk__parent_is_i386=0.0422189; network__n_unique_ips=0.0379457; memory__n_created_dll=0.0377191; disk__parent_is_dotnet=0.0376976; disk__parent_size=0.0362976; network__n_public_ips=0.0325396; disk__parent_sections=0.0263112; memory__n_created_tmp=0.0249857; network__mean_domain_entropy=0.0187083,0.6789044289044288,0.737077922077922,0.8991226445987579
Fused pseudo sensitivity,87,10,6,Socks5Systemz,NanoCore,False,SRC,network__avg_domain_len=0.575339; network__mean_domain_entropy=0.500141; disk__parent_is_i386=0.316363; memory__n_created_tmp=0.310353; memory__path_entropy=0.267598; memory__path_len=0.194055; disk__path_len=0.13905; network__n_public_service_domains=0.0769128; memory__modules_count=0.0758007; network__n_unique_ips=0.0741877,0.6216283716283716,0.6612337662337662,0.9356093233420733
Fused pseudo sensitivity,89,12,12,a310logger,a310logger,True,SHAP,disk__parent_size=0.163591; disk__path_len=0.109854; disk__size_delta=0.0943836; memory__total_processes=0.0704939; memory__n_created_dll=0.0631126; disk__parent_is_i386=0.058902; disk__parent_is_dotnet=0.0400124; network__domains_per_conn=0.0362289; disk__parent_sections=0.0299963; memory__n_registry_hklm=0.0279492,0.7993006993006992,0.9065584415584416,0.9487893702131407
Fused pseudo sensitivity,89,12,12,a310logger,a310logger,True,LIME,memory__total_processes=0.0359541; disk__path_len=0.0328348; disk__parent_is_i386=0.0260304; disk__parent_size=0.0241975; disk__size_delta=0.0144839; disk__parent_sections=0.0107496; memory__modules_count=0.0103482; network__n_public_ips=0.00864164; memory__n_created_tmp=0.00743167; network__n_public_service_domains=0.00722406,0.5001831501831502,0.45448051948051954,0.6187296757655144
Fused pseudo sensitivity,89,12,12,a310logger,a310logger,True,SRC,disk__parent_sections=0.197127; memory__total_processes=0.178195; disk__path_len=0.124703; disk__parent_is_i386=0.122393; network__avg_domain_len=0.0988939; memory__n_registry_hklm=0.0896906; network__domains_per_conn=0.0856502; network__n_public_service_domains=0.0823666; memory__path_entropy=0.0737788; disk__parent_size=0.0735694,0.7317141192141192,0.7512337662337663,0.9170696437305901
Fused pseudo sensitivity,91,12,12,a310logger,a310logger,True,SHAP,disk__parent_size=0.196077; disk__path_len=0.122487; disk__parent_is_i386=0.0798986; disk__size_delta=0.0712179; memory__total_processes=0.0555601; disk__parent_sections=0.0528016; memory__n_created_dll=0.0321387; network__domains_per_conn=0.028886; memory__n_created_tmp=0.0227612; memory__n_registry_hklm=0.0212934,0.8833333333333332,0.9308441558441558,0.9630107677635168
Fused pseudo sensitivity,91,12,12,a310logger,a310logger,True,LIME,disk__path_len=0.0378119; disk__parent_size=0.0347097; memory__total_processes=0.0345028; disk__parent_is_i386=0.026924; disk__size_delta=0.0245187; disk__parent_sections=0.0147358; memory__n_created_dll=0.014375; network__avg_domain_len=0.0103059; network__domains_per_conn=0.00929478; network__n_unique_tlds=0.0082367,0.5616050616050616,0.5292207792207793,0.5954362603900455
Fused pseudo sensitivity,91,12,12,a310logger,a310logger,True,SRC,network__domains_per_conn=0.207909; disk__path_len=0.148545; network__n_unique_tlds=0.14631; disk__parent_sections=0.128211; network__n_public_service_domains=0.0940263; disk__parent_is_i386=0.0864327; disk__parent_is_dotnet=0.0632237; memory__total_processes=0.0593384; disk__parent_size=0.0533898; memory__path_entropy=0.0522142,0.6821511821511821,0.6996103896103897,0.8628430814687332
Fused pseudo sensitivity,93,4,7,Kovter,Phorpiex,False,SHAP,disk__parent_size=0.2468; disk__parent_is_gui=0.0661312; disk__parent_is_dotnet=0.0526221; disk__size_delta=0.0441756; memory__total_processes=0.03622; memory__n_registry_hklm=0.0217567; disk__parent_is_i386=0.0206092; memory__n_created_dll=0.0184613; network__avg_domain_len=0.0148145; disk__parent_sections=0.0120853,0.6876456876456876,0.8626623376623377,0.9175896508935508
Fused pseudo sensitivity,93,4,7,Kovter,Phorpiex,False,LIME,disk__parent_size=0.0440988; memory__total_processes=0.0380922; disk__size_delta=0.031068; disk__parent_is_dotnet=0.0178644; memory__n_created_dll=0.0102465; network__mean_domain_entropy=0.00983704; network__n_unique_ips=0.00881703; memory__n_registry_hklm=0.00645407; network__domains_per_conn=0.0063935; disk__parent_sections=0.00604256,0.5851648351648351,0.6407792207792207,0.8630630719641372
Fused pseudo sensitivity,93,4,7,Kovter,Phorpiex,False,SRC,disk__parent_is_gui=4.01994; network__n_public_service_domains=1.30609; disk__parent_size=0.633755; disk__parent_is_dotnet=0.57589; disk__size_delta=0.516518; network__avg_domain_len=0.394624; network__n_unique_ips=0.278565; network__n_public_ips=0.278562; network__mean_domain_entropy=0.178946; memory__n_created_tmp=0.151615,0.8181818181818181,0.8793506493506493,0.9980364819276817
Fused pseudo sensitivity,95,7,7,Phorpiex,Phorpiex,True,SHAP,disk__parent_size=0.169547; network__n_unique_ips=0.131392; network__n_public_ips=0.119862; disk__parent_is_dotnet=0.0639668; disk__size_delta=0.0518857; memory__total_processes=0.0249024; memory__n_created_dll=0.0198574; network__domains_per_conn=0.0162087; disk__parent_sections=0.015389; memory__n_created_tmp=0.0105127,0.8212121212121213,0.9062337662337662,0.9186733644902964
Fused pseudo sensitivity,95,7,7,Phorpiex,Phorpiex,True,LIME,disk__parent_size=0.0460678; network__n_unique_ips=0.0362782; network__n_public_ips=0.0348142; memory__total_processes=0.0282349; disk__parent_is_dotnet=0.0199745; network__n_public_service_domains=0.0168814; memory__n_created_dll=0.0152414; disk__size_delta=0.0148772; memory__n_created_tmp=0.0132086; network__n_unique_tlds=0.0104195,0.5082417582417582,0.49831168831168826,0.6197801754497848
Fused pseudo sensitivity,95,7,7,Phorpiex,Phorpiex,True,SRC,disk__size_delta=0.173943; disk__parent_size=0.126246; disk__parent_sections=0.122426; network__avg_domain_len=0.121479; disk__parent_is_dotnet=0.111321; memory__n_registry_hklm=0.108838; network__domains_per_conn=0.0979517; network__n_unique_tlds=0.0934018; memory__n_created_tmp=0.0804299; disk__parent_is_i386=0.0640238,0.8532467532467531,0.9166883116883117,0.9793411908656336
Fused pseudo sensitivity,96,16,16,redline,redline,True,SHAP,memory__total_processes=0.193074; memory__n_created_dll=0.112527; disk__parent_size=0.0711447; network__domains_per_conn=0.0464931; network__n_unique_ips=0.0407334; disk__size_delta=0.0395951; disk__parent_sections=0.0393247; network__n_public_ips=0.0373669; memory__path_entropy=0.0240996; disk__path_len=0.0212175,0.7523310023310023,0.8950000000000001,0.9818295514022924
Fused pseudo sensitivity,96,16,16,redline,redline,True,LIME,memory__total_processes=0.256107; memory__n_created_dll=0.098644; network__n_public_ips=0.030335; disk__parent_is_i386=0.0279559; network__n_unique_ips=0.0274858; network__domains_per_conn=0.0238469; memory__n_registry_hklm=0.0222564; disk__parent_is_dotnet=0.0184292; disk__parent_sections=0.0161992; network__n_public_service_domains=0.00608065,0.5471819846819846,0.5405194805194805,0.7808123923657229
Fused pseudo sensitivity,96,16,16,redline,redline,True,SRC,disk__parent_size=0.307861; disk__size_delta=0.300281; memory__modules_count=0.136366; disk__path_len=0.12031; disk__parent_is_gui=0.112523; memory__path_len=0.0988616; network__domains_per_conn=0.090948; disk__parent_is_dotnet=0.0747318; disk__parent_sections=0.0621013; network__avg_domain_len=0.0572482,0.5418914418914419,0.5184415584415585,0.8099936077396194
Fused pseudo sensitivity,98,16,16,redline,redline,True,SHAP,memory__total_processes=0.228775; memory__n_created_dll=0.13554; disk__parent_size=0.0814676; disk__size_delta=0.0582288; network__domains_per_conn=0.0459841; network__avg_domain_len=0.0415264; disk__path_len=0.033234; disk__parent_is_i386=0.0322962; network__mean_domain_entropy=0.0311951; network__n_public_ips=0.0289852,0.8030303030303031,0.9152597402597401,0.9944592227190642
Fused pseudo sensitivity,98,16,16,redline,redline,True,LIME,memory__total_processes=0.255046; memory__n_created_dll=0.093411; network__n_public_ips=0.0345595; network__n_unique_ips=0.0295471; disk__parent_is_i386=0.027754; network__avg_domain_len=0.0256489; disk__parent_is_dotnet=0.0240491; memory__n_created_tmp=0.0209776; network__mean_domain_entropy=0.0165666; disk__size_delta=0.0158958,0.5848151848151848,0.6962337662337662,0.8997040780711252
Fused pseudo sensitivity,98,16,16,redline,redline,True,SRC,memory__modules_count=0.307526; disk__path_len=0.197931; network__mean_domain_entropy=0.179639; disk__parent_is_i386=0.158625; memory__path_entropy=0.127501; disk__size_delta=0.112013; memory__n_created_tmp=0.0897658; memory__n_created_dll=0.0845123; disk__parent_is_gui=0.0833181; disk__parent_sections=0.0705382,0.8890442890442891,0.8873376623376622,0.9749762428565736
Fused pseudo sensitivity,99,4,4,Kovter,Kovter,True,SHAP,disk__size_delta=0.182558; disk__parent_size=0.135399; disk__parent_is_i386=0.0890262; disk__parent_is_dotnet=0.0586758; disk__parent_sections=0.053541; network__n_public_ips=0.043969; network__n_unique_ips=0.0430174; memory__total_processes=0.0419324; network__avg_domain_len=0.027315; disk__path_len=0.0272001,0.8833333333333334,0.9379870129870131,0.9938729375758543
Fused pseudo sensitivity,99,4,4,Kovter,Kovter,True,LIME,memory__path_len=0.0941504; disk__parent_is_i386=0.0493862; disk__parent_is_dotnet=0.0406069; disk__size_delta=0.0334025; memory__n_created_dll=0.0324758; disk__parent_size=0.0241563; memory__total_processes=0.0235421; network__mean_domain_entropy=0.0203666; disk__parent_sections=0.0161373; network__avg_domain_len=0.0136244,0.7424242424242424,0.6729220779220779,0.5372789544767218
Fused pseudo sensitivity,99,4,4,Kovter,Kovter,True,SRC,memory__n_created_dll=0.362199; memory__total_processes=0.356137; network__domains_per_conn=0.256857; disk__parent_is_i386=0.241158; network__avg_domain_len=0.228621; memory__path_entropy=0.210148; memory__n_created_tmp=0.196504; disk__parent_is_dotnet=0.176726; disk__parent_is_gui=0.105731; memory__n_registry_hklm=0.103389,0.7053446553446553,0.768766233766234,0.943791371517255
Fused pseudo sensitivity,103,8,12,QuasarRAT,a310logger,False,SHAP,disk__parent_size=0.124681; disk__path_len=0.0578523; memory__total_processes=0.0357321; disk__size_delta=0.0308144; network__domains_per_conn=0.0303569; memory__n_created_tmp=0.0257852; network__avg_domain_len=0.0233692; disk__parent_is_i386=0.0212485; network__mean_domain_entropy=0.0204973; memory__path_len=0.0136751,0.8136363636363637,0.9022077922077922,0.962997278228148
Fused pseudo sensitivity,103,8,12,QuasarRAT,a310logger,False,LIME,disk__parent_size=0.0335827; disk__path_len=0.0322256; memory__total_processes=0.0236171; disk__parent_is_i386=0.0231943; memory__modules_count=0.0158829; disk__size_delta=0.0139832; memory__n_created_dll=0.0114315; disk__parent_sections=0.00931589; network__domains_per_conn=0.00538611; network__n_public_ips=0.00463343,0.6207126207126207,0.556575948820198,0.8021360232096718
Fused pseudo sensitivity,103,8,12,QuasarRAT,a310logger,False,SRC,disk__parent_is_i386=0.25394; network__avg_domain_len=0.228709; network__n_public_service_domains=0.219837; network__mean_domain_entropy=0.207422; network__domains_per_conn=0.198005; memory__path_entropy=0.178703; memory__n_created_tmp=0.171036; network__n_unique_tlds=0.12504; disk__size_delta=0.0901477; disk__parent_size=0.0884585,0.6327505827505828,0.6778571428571428,0.9129304637896011
Fused pseudo sensitivity,107,7,7,Phorpiex,Phorpiex,True,SHAP,disk__parent_size=0.311865; disk__parent_is_dotnet=0.0709845; disk__size_delta=0.0505787; memory__total_processes=0.0440773; network__avg_domain_len=0.0358562; memory__n_registry_hklm=0.0240759; network__n_public_ips=0.0222952; disk__parent_is_i386=0.0195131; network__n_unique_ips=0.0186242; network__mean_domain_entropy=0.0178072,0.6165501165501164,0.7875324675324675,0.8633925145302014
Fused pseudo sensitivity,107,7,7,Phorpiex,Phorpiex,True,LIME,disk__parent_size=0.0509969; memory__total_processes=0.032538; network__n_unique_ips=0.0221935; disk__parent_is_dotnet=0.0212466; network__n_public_ips=0.0179762; network__mean_domain_entropy=0.0174094; memory__n_created_tmp=0.0101717; disk__size_delta=0.0101347; network__domains_per_conn=0.00868752; disk__parent_sections=0.00815011,0.5634365634365632,0.5149116568832293,0.6724685143156208
Fused pseudo sensitivity,107,7,7,Phorpiex,Phorpiex,True,SRC,network__avg_domain_len=0.165015; memory__total_processes=0.141538; disk__size_delta=0.134205; memory__n_created_tmp=0.110357; network__mean_domain_entropy=0.0809318; memory__n_created_dll=0.0770392; network__n_public_ips=0.0727343; network__n_unique_ips=0.0727282; disk__parent_size=0.0505124; disk__parent_sections=0.0491403,0.8193473193473194,0.9386363636363635,0.9854463246628129
Fused pseudo sensitivity,111,16,16,redline,redline,True,SHAP,memory__total_processes=0.246024; memory__n_created_dll=0.153301; disk__parent_size=0.0803402; disk__size_delta=0.0572578; disk__path_len=0.0555765; network__domains_per_conn=0.0507304; network__avg_domain_len=0.0436321; disk__parent_sections=0.0358031; network__mean_domain_entropy=0.0344812; disk__parent_is_i386=0.0324399,0.8909090909090909,0.9342857142857139,0.992418497988705
Fused pseudo sensitivity,111,16,16,redline,redline,True,LIME,memory__total_processes=0.257807; memory__n_created_dll=0.100597; network__n_public_ips=0.0354146; disk__parent_is_i386=0.0316902; network__n_unique_ips=0.0291454; network__avg_domain_len=0.0285005; disk__path_len=0.0259381; memory__n_created_tmp=0.019631; disk__parent_sections=0.0173497; network__domains_per_conn=0.0145655,0.5536130536130536,0.5514935064935066,0.685010267334458
Fused pseudo sensitivity,111,16,16,redline,redline,True,SRC,memory__modules_count=0.126998; disk__parent_is_dotnet=0.114141; memory__n_created_tmp=0.108561; network__avg_domain_len=0.0674784; disk__parent_sections=0.0610571; network__mean_domain_entropy=0.0588381; disk__parent_is_i386=0.052822; memory__path_entropy=0.0448862; network__n_unique_tlds=0.0399971; memory__n_registry_hklm=0.036388,0.512012987012987,0.45493506493506486,0.8113749548386926
Fused pseudo sensitivity,112,17,17,wannacry,wannacry,True,SHAP,network__n_public_ips=0.161111; network__n_unique_ips=0.159651; network__avg_domain_len=0.15518; memory__total_processes=0.13724; network__mean_domain_entropy=0.0881463; memory__n_created_dll=0.0666576; disk__parent_size=0.0471511; disk__size_delta=0.0358366; disk__parent_is_i386=0.0208275; network__domains_per_conn=0.0186438,0.909090909090909,0.9721428571428572,0.9941191846963113
Fused pseudo sensitivity,112,17,17,wannacry,wannacry,True,LIME,network__n_public_ips=0.17971; network__n_unique_ips=0.168212; memory__total_processes=0.0889856; network__avg_domain_len=0.0551608; memory__n_created_dll=0.0386383; disk__parent_is_i386=0.0289051; network__mean_domain_entropy=0.0209467; disk__parent_is_dotnet=0.0197013; network__domains_per_conn=0.0194986; memory__n_registry_hklm=0.0178765,0.6932400932400932,0.6964935064935065,0.8276398930269702
Fused pseudo sensitivity,112,17,17,wannacry,wannacry,True,SRC,disk__size_delta=0.0469584; disk__parent_size=0.0242258; memory__n_created_dll=0.0195816; network__domains_per_conn=0.00906052; network__n_unique_tlds=0.00875473; network__mean_domain_entropy=0.00653544; network__avg_domain_len=0.00644741; disk__parent_is_i386=0.00475676; memory__modules_count=0.00425592; disk__parent_is_dotnet=0.00348586,0.5029304029304029,0.392077922077922,0.7764422318107405
Fused pseudo sensitivity,113,6,6,NanoCore,NanoCore,True,SHAP,disk__parent_size=0.0911402; disk__size_delta=0.052091; disk__parent_is_i386=0.0493019; disk__path_len=0.0468336; memory__total_processes=0.0367349; memory__n_created_dll=0.0360961; network__n_unique_ips=0.0211308; network__n_public_ips=0.0198989; memory__n_created_tmp=0.0192448; network__mean_domain_entropy=0.014008,0.9378787878787878,0.9465584415584415,0.9774706036707785
Fused pseudo sensitivity,113,6,6,NanoCore,NanoCore,True,LIME,memory__total_processes=0.0681769; disk__parent_size=0.0376421; network__n_public_ips=0.0358766; memory__n_created_dll=0.0355293; disk__parent_is_i386=0.0353168; disk__parent_is_dotnet=0.0352826; network__n_unique_ips=0.0279735; network__n_public_service_domains=0.0260922; disk__size_delta=0.0177658; memory__n_created_tmp=0.0165916,0.6658341658341658,0.6561038961038961,0.9138551546393494
Fused pseudo sensitivity,113,6,6,NanoCore,NanoCore,True,SRC,disk__parent_is_i386=0.377492; disk__parent_sections=0.2343; network__mean_domain_entropy=0.224885; memory__total_processes=0.200452; memory__n_created_dll=0.199749; memory__path_entropy=0.136393; memory__modules_count=0.128538; disk__path_len=0.112615; network__n_unique_ips=0.0866383; network__n_public_ips=0.086638,0.7175657675657676,0.7667532467532467,0.9182773691368485
Fused pseudo sensitivity,115,14,16,lockbit,redline,False,SHAP,memory__total_processes=0.158926; memory__n_created_dll=0.0969713; disk__path_len=0.0703446; disk__parent_size=0.0511293; memory__n_created_tmp=0.048658; memory__path_entropy=0.0388946; network__domains_per_conn=0.0244038; disk__parent_sections=0.0188657; disk__parent_is_i386=0.017694; disk__parent_is_dotnet=0.0135526,0.7198135198135198,0.8524675324675324,0.9840170043750776
Fused pseudo sensitivity,115,14,16,lockbit,redline,False,LIME,memory__total_processes=0.254731; memory__n_created_dll=0.0913273; network__n_public_ips=0.0355472; disk__parent_is_i386=0.0254777; disk__path_len=0.023887; network__n_unique_ips=0.0205022; memory__n_created_tmp=0.0158357; network__domains_per_conn=0.01308; network__mean_domain_entropy=0.0125563; memory__path_len=0.0120512,0.5421911421911421,0.5267532467532466,0.8186623666658337
Fused pseudo sensitivity,115,14,16,lockbit,redline,False,SRC,disk__parent_is_i386=0.0860115; disk__path_len=0.0853599; memory__total_processes=0.0557418; memory__path_len=0.0521249; memory__path_entropy=0.0492266; network__avg_domain_len=0.0430384; disk__parent_sections=0.0406533; network__n_public_service_domains=0.0384893; memory__n_created_dll=0.0370216; disk__parent_size=0.0358521,0.6029326066090771,0.5488961038961039,0.8565542968213858
Fused pseudo sensitivity,119,12,12,a310logger,a310logger,True,SHAP,disk__parent_size=0.155126; disk__path_len=0.0993057; disk__size_delta=0.0866924; memory__total_processes=0.063035; disk__parent_is_i386=0.0532351; memory__n_registry_hklm=0.0496413; disk__parent_is_dotnet=0.0397063; network__domains_per_conn=0.0351114; memory__n_created_dll=0.0276525; disk__parent_sections=0.0256316,0.8075757575757576,0.9040259740259741,0.9708128364423235
Fused pseudo sensitivity,119,12,12,a310logger,a310logger,True,LIME,memory__total_processes=0.0371275; disk__parent_size=0.0352262; disk__path_len=0.0351987; disk__parent_is_i386=0.0249135; disk__size_delta=0.0165222; disk__parent_sections=0.0100749; memory__n_registry_hklm=0.00999775; network__n_unique_ips=0.00681277; network__domains_per_conn=0.00550974; network__avg_domain_len=0.00527738,0.5127039627039627,0.4800130355274284,0.5799826661985643
Fused pseudo sensitivity,119,12,12,a310logger,a310logger,True,SRC,network__mean_domain_entropy=0.161443; memory__path_entropy=0.104708; disk__parent_sections=0.0997615; memory__path_len=0.0672476; disk__path_len=0.0560275; memory__n_created_dll=0.0491652; network__n_public_service_domains=0.0441836; network__domains_per_conn=0.0362281; memory__n_created_tmp=0.0350725; disk__parent_is_dotnet=0.031484,0.5821969696969698,0.5842207792207792,0.8653397996033829
Fused pseudo sensitivity,121,17,17,wannacry,wannacry,True,SHAP,network__n_public_ips=0.229812; network__n_unique_ips=0.216342; memory__total_processes=0.129774; memory__n_created_dll=0.0713819; disk__parent_size=0.0622571; disk__parent_sections=0.0431886; disk__size_delta=0.0391517; disk__parent_is_i386=0.0256999; network__domains_per_conn=0.0228283; network__avg_domain_len=0.0162633,0.9363636363636363,0.9681168831168832,0.9968451171213848
Fused pseudo sensitivity,121,17,17,wannacry,wannacry,True,LIME,network__n_public_ips=0.174467; network__n_unique_ips=0.174237; memory__total_processes=0.0911937; memory__n_created_dll=0.0241949; disk__parent_is_dotnet=0.0209029; network__avg_domain_len=0.0207687; disk__size_delta=0.0199123; disk__parent_is_i386=0.0171303; disk__parent_sections=0.0120825; memory__path_entropy=0.0102425,0.6658341658341658,0.6621428571428571,0.877515123911589
Fused pseudo sensitivity,121,17,17,wannacry,wannacry,True,SRC,disk__size_delta=0.122121; disk__parent_size=0.0325835; network__domains_per_conn=0.0217581; disk__parent_is_i386=0.0202901; disk__parent_is_dotnet=0.014869; memory__total_processes=0.0131495; network__n_public_service_domains=0.00812773; memory__n_created_dll=0.0077906; network__n_unique_tlds=0.00731663; disk__parent_is_gui=0.0071313,0.5842449217449217,0.47564935064935066,0.8737338514289025
Fused pseudo sensitivity,122,13,13,agenttesla,agenttesla,True,SHAP,memory__total_processes=0.206318; memory__n_created_dll=0.152674; disk__parent_is_dotnet=0.0749182; disk__size_delta=0.0575331; network__domains_per_conn=0.0561463; disk__parent_size=0.0533471; network__avg_domain_len=0.0447963; disk__path_len=0.042547; network__mean_domain_entropy=0.0392796; disk__parent_sections=0.0352817,0.6789044289044289,0.8703896103896105,0.9688340858771843
Fused pseudo sensitivity,122,13,13,agenttesla,agenttesla,True,LIME,memory__total_processes=0.0539487; disk__parent_is_dotnet=0.0359492; memory__n_created_dll=0.0251801; disk__size_delta=0.0209168; network__domains_per_conn=0.015115; disk__parent_sections=0.0131322; memory__n_registry_hklm=0.0114608; network__avg_domain_len=0.0112423; disk__path_len=0.0106334; memory__n_created_tmp=0.00974329,0.45902014652014655,0.5022727272727272,0.6258116702404672
Fused pseudo sensitivity,122,13,13,agenttesla,agenttesla,True,SRC,disk__parent_sections=0.0643171; disk__parent_is_gui=0.0322612; memory__modules_count=0.0314953; disk__parent_is_dotnet=0.017121; memory__n_registry_hklm=0.0161199; disk__parent_size=0.0155384; network__mean_domain_entropy=0.0103543; disk__path_len=0.00744711; network__avg_domain_len=0.00690345; memory__path_entropy=0.00688383,0.36250000000000004,0.16285714285714284,0.6257893546833294
Fused pseudo sensitivity,124,16,16,redline,redline,True,SHAP,memory__total_processes=0.190801; memory__n_created_dll=0.11881; disk__parent_size=0.055351; network__domains_per_conn=0.0435369; disk__parent_sections=0.0421435; memory__path_len=0.0416894; disk__size_delta=0.0337722; network__avg_domain_len=0.0319293; disk__path_len=0.02899; memory__n_created_tmp=0.0283345,0.7693473193473194,0.8975324675324675,0.98492228787243
Fused pseudo sensitivity,124,16,16,redline,redline,True,LIME,memory__total_processes=0.266786; memory__n_created_dll=0.103775; network__n_public_ips=0.0370016; disk__path_len=0.0286076; disk__parent_is_i386=0.0226301; memory__n_created_tmp=0.021894; network__domains_per_conn=0.0216632; network__avg_domain_len=0.0214085; network__n_unique_ips=0.0211519; disk__parent_is_dotnet=0.0197005,0.624125874125874,0.6324102963791529,0.8098903067163125
Fused pseudo sensitivity,124,16,16,redline,redline,True,SRC,disk__size_delta=0.21208; memory__total_processes=0.178675; disk__parent_size=0.139588; network__avg_domain_len=0.117704; disk__parent_is_i386=0.10909; network__n_unique_ips=0.104941; network__n_public_ips=0.10494; memory__n_created_tmp=0.0679043; memory__path_entropy=0.0518403; memory__path_len=0.0481503,0.5556100761983114,0.47831168831168824,0.8104561757195489
Fused pseudo sensitivity,127,7,7,Phorpiex,Phorpiex,True,SHAP,disk__parent_size=0.351725; network__n_unique_ips=0.110329; network__n_public_ips=0.10557; disk__size_delta=0.0633961; memory__total_processes=0.0629524; disk__parent_is_dotnet=0.0610322; network__avg_domain_len=0.0257144; memory__n_created_dll=0.0235358; disk__parent_sections=0.0220419; network__mean_domain_entropy=0.018647,0.9287878787878789,0.8768831168831168,0.8116386439259825
Fused pseudo sensitivity,127,7,7,Phorpiex,Phorpiex,True,LIME,disk__parent_size=0.0661988; network__n_public_ips=0.0453618; memory__total_processes=0.0423621; network__n_unique_ips=0.0322546; disk__parent_is_dotnet=0.0271385; disk__size_delta=0.0239639; network__avg_domain_len=0.020262; memory__n_created_dll=0.0163884; network__domains_per_conn=0.014439; network__mean_domain_entropy=0.0144069,0.6611888111888111,0.6565584415584416,0.6872235398300411
Fused pseudo sensitivity,127,7,7,Phorpiex,Phorpiex,True,SRC,network__domains_per_conn=0.0856184; memory__n_registry_hklm=0.0479057; disk__size_delta=0.0448816; memory__total_processes=0.0388615; disk__parent_sections=0.0376067; network__n_unique_tlds=0.0289395; disk__parent_is_i386=0.0276928; network__avg_domain_len=0.0272504; disk__path_len=0.025117; memory__n_created_dll=0.0234698,0.4268180349062701,0.3899350649350649,0.7921201975663564
Fused pseudo sensitivity,128,6,6,NanoCore,NanoCore,True,SHAP,disk__parent_size=0.148278; disk__parent_is_i386=0.117973; disk__parent_sections=0.0993939; memory__total_processes=0.0825801; disk__size_delta=0.0816201; memory__n_created_dll=0.0585819; disk__path_len=0.047524; network__n_unique_ips=0.0452001; network__n_public_ips=0.0430105; memory__n_created_tmp=0.0314719,0.809090909090909,0.913051948051948,0.9582822534967423
Fused pseudo sensitivity,128,6,6,NanoCore,NanoCore,True,LIME,memory__total_processes=0.0740502; memory__n_created_dll=0.0519937; disk__parent_is_i386=0.0459987; network__n_public_ips=0.0450904; disk__parent_size=0.0416045; network__n_unique_ips=0.0329583; disk__parent_sections=0.0325116; memory__n_created_tmp=0.0312991; disk__parent_is_dotnet=0.0267177; disk__size_delta=0.0228216,0.7663170163170163,0.7062987012987012,0.7600937655226419
Fused pseudo sensitivity,128,6,6,NanoCore,NanoCore,True,SRC,disk__parent_size=0.0958008; memory__path_entropy=0.0686756; memory__n_registry_hklm=0.0620822; memory__total_processes=0.0546193; memory__n_created_tmp=0.0535892; memory__n_created_dll=0.0495096; disk__parent_sections=0.0413714; disk__path_len=0.0344528; disk__parent_is_dotnet=0.0256492; disk__parent_is_i386=0.0184523,0.5309024309024308,0.4489610389610389,0.8065986633880001
Fused pseudo sensitivity,133,0,5,Akira,MedusaLocker,False,SHAP,disk__parent_size=0.0756329; disk__parent_is_dotnet=0.0702582; memory__n_registry_hklm=0.0606815; disk__size_delta=0.057963; memory__total_processes=0.0504552; disk__parent_is_i386=0.0328404; memory__n_created_dll=0.0290805; disk__parent_sections=0.0244493; disk__path_len=0.0188772; memory__n_created_tmp=0.0163011,0.9909090909090909,0.8521428571428571,0.9512848730986667
Fused pseudo sensitivity,133,0,5,Akira,MedusaLocker,False,LIME,disk__parent_is_dotnet=0.0363835; disk__parent_is_i386=0.0147809; disk__parent_size=0.0135344; disk__size_delta=0.0118819; memory__total_processes=0.0114483; memory__n_registry_hklm=0.0112983; network__n_unique_ips=0.00834857; disk__path_len=0.00803882; memory__n_created_dll=0.00778359; disk__parent_sections=0.00724805,0.6433566433566433,0.5851851920215103,0.6263879651566102
Fused pseudo sensitivity,133,0,5,Akira,MedusaLocker,False,SRC,disk__size_delta=0.0866971; network__avg_domain_len=0.0419629; network__domains_per_conn=0.01681; network__mean_domain_entropy=0.0144526; memory__n_registry_hklm=0.0104305; memory__path_entropy=0.00940519; disk__path_len=0.00774527; memory__path_len=0.00640937; memory__n_created_dll=0.00568373; disk__parent_is_dotnet=0.00319238,0.3968729799612153,0.1687012987012987,0.7751009401195759
Fused pseudo sensitivity,137,16,16,redline,redline,True,SHAP,memory__total_processes=0.217852; memory__n_created_dll=0.147164; disk__parent_size=0.0800937; disk__parent_sections=0.0561791; disk__path_len=0.0557314; network__domains_per_conn=0.0344153; network__avg_domain_len=0.0295322; memory__n_registry_hklm=0.0290924; memory__path_len=0.0286849; disk__size_delta=0.02705,0.7909090909090909,0.8912987012987015,0.9790851903714681
Fused pseudo sensitivity,137,16,16,redline,redline,True,LIME,memory__total_processes=0.249044; memory__n_created_dll=0.108938; disk__parent_is_i386=0.029179; network__n_unique_ips=0.0287915; network__n_public_ips=0.0282026; network__avg_domain_len=0.0243787; network__domains_per_conn=0.0230169; memory__n_registry_hklm=0.0210845; disk__path_len=0.0195936; memory__path_len=0.0164703,0.5134365634365634,0.5541625095711635,0.8368673436948804
Fused pseudo sensitivity,137,16,16,redline,redline,True,SRC,disk__size_delta=0.165572; memory__modules_count=0.0592625; network__avg_domain_len=0.0539773; disk__parent_size=0.044902; disk__parent_is_dotnet=0.0317583; memory__total_processes=0.029613; disk__parent_sections=0.0254803; disk__path_len=0.0226491; memory__path_len=0.0184992; network__n_public_service_domains=0.0183039,0.5458541458541457,0.6068181818181817,0.9361378813933972
Fused pseudo sensitivity,138,11,11,Stealc,Stealc,True,SHAP,disk__parent_sections=0.197927; disk__parent_is_i386=0.0508558; disk__parent_size=0.0473055; disk__size_delta=0.0439037; disk__parent_is_dotnet=0.0431454; memory__n_created_tmp=0.0415931; memory__total_processes=0.0352883; network__avg_domain_len=0.0343643; memory__n_created_dll=0.0335188; network__n_unique_tlds=0.0315054,0.8318181818181818,0.9428571428571428,0.9940093087143917
Fused pseudo sensitivity,138,11,11,Stealc,Stealc,True,LIME,disk__parent_sections=0.0464554; memory__total_processes=0.0322854; memory__n_created_tmp=0.0245884; disk__size_delta=0.0211267; network__n_unique_tlds=0.01757; disk__parent_is_dotnet=0.0167935; network__n_unique_ips=0.0151686; disk__parent_size=0.0138246; network__avg_domain_len=0.0110977; network__n_public_ips=0.00918157,0.657092907092907,0.6170129870129871,0.608455882761439
Fused pseudo sensitivity,138,11,11,Stealc,Stealc,True,SRC,memory__n_created_dll=0.482665; memory__n_registry_hklm=0.334017; disk__path_len=0.237414; disk__parent_is_i386=0.226528; disk__parent_size=0.20898; memory__n_created_tmp=0.160078; disk__parent_is_dotnet=0.146641; network__avg_domain_len=0.119588; network__domains_per_conn=0.0887986; network__n_unique_ips=0.0826647,0.8008158508158509,0.8624025974025974,0.9633357446496984
Fused pseudo sensitivity,139,9,9,SalatStealer,SalatStealer,True,SHAP,memory__modules_count=0.111176; disk__parent_size=0.104415; memory__n_registry_hklm=0.102259; memory__total_processes=0.0795339; disk__size_delta=0.0737246; disk__parent_is_i386=0.0587272; memory__n_created_dll=0.0566131; memory__n_created_tmp=0.044685; disk__parent_sections=0.0437857; network__n_public_service_domains=0.0370839,0.9015151515151514,0.9752597402597404,0.9941690246431735
Fused pseudo sensitivity,139,9,9,SalatStealer,SalatStealer,True,LIME,disk__parent_is_i386=0.0477129; memory__total_processes=0.04545; memory__modules_count=0.0376003; disk__parent_size=0.0302138; disk__size_delta=0.0245956; memory__n_registry_hklm=0.0218866; network__n_public_service_domains=0.0197687; memory__n_created_dll=0.0194181; disk__path_len=0.0128898; memory__path_entropy=0.011214,0.7504662004662005,0.7412337662337662,0.6930568895108928
Fused pseudo sensitivity,139,9,9,SalatStealer,SalatStealer,True,SRC,network__domains_per_conn=0.241447; network__avg_domain_len=0.129394; disk__size_delta=0.124701; network__mean_domain_entropy=0.0854061; memory__n_registry_hklm=0.0816411; disk__parent_size=0.0469162; disk__parent_is_gui=0.0366668; network__n_unique_ips=0.0340445; network__n_public_ips=0.0340438; network__n_unique_tlds=0.0323813,0.41794871794871796,0.25181818181818183,0.7344487616870641
Fused pseudo sensitivity,142,1,1,AsyncRAT,AsyncRAT,True,SHAP,disk__parent_size=0.0928604; disk__parent_is_dotnet=0.076301; disk__size_delta=0.0718078; disk__parent_is_i386=0.0614331; memory__total_processes=0.0567421; disk__path_len=0.0441535; memory__n_registry_hklm=0.0431921; memory__n_created_dll=0.0389842; memory__n_created_tmp=0.0364655; disk__parent_sections=0.0327189,0.8848484848484848,0.867077922077922,0.9206851136803038
Fused pseudo sensitivity,142,1,1,AsyncRAT,AsyncRAT,True,LIME,disk__parent_size=0.0189203; memory__total_processes=0.0167089; disk__parent_is_dotnet=0.0165842; memory__n_created_dll=0.0130534; network__n_public_ips=0.00766291; network__mean_domain_entropy=0.00718787; disk__parent_is_i386=0.00714272; memory__n_created_tmp=0.00687078; memory__n_registry_hklm=0.00641508; memory__modules_count=0.00539739,0.5266233766233765,0.4596103896103895,0.43558539626951365
Fused pseudo sensitivity,142,1,1,AsyncRAT,AsyncRAT,True,SRC,disk__path_len=0.354361; memory__total_processes=0.173489; network__mean_domain_entropy=0.0890158; memory__modules_count=0.0846029; disk__parent_sections=0.0827269; memory__n_registry_hklm=0.071767; network__n_unique_tlds=0.070182; memory__path_entropy=0.0655636; network__avg_domain_len=0.0579269; disk__size_delta=0.0531864,0.6494172494172494,0.6940909090909091,0.9243882658714162
Fused pseudo sensitivity,145,6,6,NanoCore,NanoCore,True,SHAP,disk__parent_size=0.130871; disk__parent_is_i386=0.115079; disk__parent_sections=0.0957072; memory__total_processes=0.0876899; disk__size_delta=0.086332; disk__path_len=0.0518206; memory__n_created_dll=0.0464448; network__n_public_ips=0.0460971; network__n_unique_ips=0.0460292; network__avg_domain_len=0.0252333,0.8,0.8922727272727273,0.9521840067781072
Fused pseudo sensitivity,145,6,6,NanoCore,NanoCore,True,LIME,memory__total_processes=0.0574061; disk__parent_is_i386=0.0471575; network__n_public_ips=0.0414756; disk__parent_size=0.0398945; memory__n_created_dll=0.0379348; disk__parent_sections=0.0368636; network__n_unique_ips=0.0349615; disk__parent_is_dotnet=0.028275; disk__path_len=0.0272714; disk__size_delta=0.0241578,0.7602564102564102,0.6877922077922077,0.7918248079915814
Fused pseudo sensitivity,145,6,6,NanoCore,NanoCore,True,SRC,network__avg_domain_len=0.183508; memory__path_len=0.181808; network__mean_domain_entropy=0.165468; disk__size_delta=0.142759; memory__modules_count=0.132518; disk__parent_size=0.130658; memory__n_created_tmp=0.123282; memory__path_entropy=0.122913; disk__path_len=0.107661; disk__parent_is_gui=0.106767,0.740892440892441,0.8271428571428571,0.9501884474227401
Fused pseudo sensitivity,146,6,6,NanoCore,NanoCore,True,SHAP,disk__parent_is_i386=0.149282; disk__parent_size=0.146381; disk__parent_sections=0.0850837; memory__total_processes=0.073772; disk__size_delta=0.0528165; memory__n_created_dll=0.0383221; disk__parent_is_dotnet=0.0378098; disk__path_len=0.0312422; network__n_public_ips=0.031195; network__n_unique_ips=0.0285053,0.762937062937063,0.8657142857142859,0.9388617368527786
Fused pseudo sensitivity,146,6,6,NanoCore,NanoCore,True,LIME,memory__total_processes=0.0767645; memory__n_created_dll=0.0613619; disk__parent_is_i386=0.0416608; disk__parent_is_dotnet=0.0352904; network__n_public_ips=0.034616; disk__parent_sections=0.0302015; disk__size_delta=0.0260387; network__n_unique_ips=0.0253946; disk__parent_size=0.0241838; disk__path_len=0.0172087,0.708041958041958,0.630064935064935,0.8339681472734262
Fused pseudo sensitivity,146,6,6,NanoCore,NanoCore,True,SRC,network__avg_domain_len=0.16597; disk__parent_sections=0.0765572; network__mean_domain_entropy=0.0703917; network__domains_per_conn=0.0348343; disk__parent_is_i386=0.0274246; disk__parent_size=0.0211716; disk__size_delta=0.0209875; memory__path_entropy=0.0209812; memory__n_created_tmp=0.0199917; memory__total_processes=0.0152365,0.5235764235764236,0.40149350649350646,0.795589764253337
Fused pseudo sensitivity,147,0,0,Akira,Akira,True,SHAP,memory__n_created_dll=0.0908201; disk__parent_size=0.0865155; disk__parent_is_dotnet=0.0695273; memory__total_processes=0.0686708; disk__size_delta=0.0647537; disk__path_len=0.0428053; memory__n_created_tmp=0.0411208; memory__n_registry_hklm=0.0359786; memory__path_len=0.0347858; disk__parent_is_i386=0.0320086,0.7375291375291374,0.7983116883116883,0.919594334633981
Fused pseudo sensitivity,147,0,0,Akira,Akira,True,LIME,memory__total_processes=0.033565; disk__parent_is_dotnet=0.0271707; memory__n_created_dll=0.0139205; disk__parent_size=0.0133255; disk__parent_is_i386=0.0130415; memory__n_created_tmp=0.01132; network__avg_domain_len=0.00631066; memory__modules_count=0.00590274; memory__n_registry_hklm=0.00513759; disk__parent_sections=0.00457003,0.6724941724941724,0.7087662337662338,0.580541176929548
Fused pseudo sensitivity,147,0,0,Akira,Akira,True,SRC,disk__path_len=0.0673992; disk__parent_size=0.0668966; memory__n_registry_hklm=0.0599509; network__n_public_service_domains=0.0543339; network__n_unique_tlds=0.0459781; network__avg_domain_len=0.042895; disk__parent_is_i386=0.037021; memory__path_len=0.034991; memory__n_created_dll=0.031951; memory__modules_count=0.0299667,0.5926198801198802,0.5362987012987013,0.8808117959047188
Fused pseudo sensitivity,148,17,17,wannacry,wannacry,True,SHAP,network__n_public_ips=0.161049; network__n_unique_ips=0.158227; network__avg_domain_len=0.157572; memory__total_processes=0.136122; network__mean_domain_entropy=0.0882802; memory__n_created_dll=0.067408; disk__parent_size=0.0474017; disk__size_delta=0.0359164; disk__parent_is_i386=0.0210347; network__domains_per_conn=0.0204164,0.8848484848484848,0.9643506493506493,0.9917606805540913
Fused pseudo sensitivity,148,17,17,wannacry,wannacry,True,LIME,network__n_public_ips=0.179238; network__n_unique_ips=0.158434; memory__total_processes=0.0844047; network__avg_domain_len=0.0556293; memory__n_created_dll=0.0284541; disk__parent_is_i386=0.0220828; disk__parent_is_dotnet=0.0213084; network__mean_domain_entropy=0.0192364; disk__parent_sections=0.0165316; disk__size_delta=0.0137782,0.7477855477855477,0.6983116883116883,0.9017597997854885
Fused pseudo sensitivity,148,17,17,wannacry,wannacry,True,SRC,memory__n_registry_hklm=0.089455; disk__size_delta=0.0735055; disk__parent_sections=0.03703; network__n_unique_tlds=0.0349489; memory__path_len=0.03123; network__domains_per_conn=0.0298131; network__avg_domain_len=0.028789; memory__modules_count=0.0272909; memory__n_created_dll=0.0272085; network__mean_domain_entropy=0.0243931,0.49324009324009327,0.39194805194805193,0.7764959196741718
Fused pseudo sensitivity,150,10,10,Socks5Systemz,Socks5Systemz,True,SHAP,disk__parent_sections=0.279634; disk__parent_size=0.117698; disk__path_len=0.102108; disk__parent_is_i386=0.0767342; disk__size_delta=0.0729136; memory__total_processes=0.0711469; disk__parent_is_dotnet=0.0553932; memory__n_created_dll=0.0539044; memory__n_created_tmp=0.0236038; memory__n_registry_hklm=0.0221087,0.9545454545454547,0.9759090909090908,0.9800603133111639
Fused pseudo sensitivity,150,10,10,Socks5Systemz,Socks5Systemz,True,LIME,disk__parent_sections=0.038265; disk__parent_is_i386=0.0266891; disk__path_len=0.0225253; memory__total_processes=0.0168271; disk__size_delta=0.0165366; network__mean_domain_entropy=0.0125945; memory__n_created_dll=0.0123044; network__n_public_ips=0.0115038; disk__parent_size=0.0109689; disk__parent_is_dotnet=0.0108733,0.5902430902430901,0.6175324675324675,0.5177747884532727
Fused pseudo sensitivity,150,10,10,Socks5Systemz,Socks5Systemz,True,SRC,network__avg_domain_len=0.122399; network__mean_domain_entropy=0.0643205; memory__n_created_tmp=0.046116; memory__total_processes=0.0427835; memory__n_created_dll=0.0418378; disk__parent_is_i386=0.0414643; disk__parent_sections=0.0397219; memory__n_registry_hklm=0.0390581; memory__modules_count=0.0361841; disk__path_len=0.0308258,0.3966379209026268,0.07201298701298701,0.6231201593004504
Fused pseudo sensitivity,153,8,8,QuasarRAT,QuasarRAT,True,SHAP,disk__parent_size=0.12963; memory__n_registry_hklm=0.128196; disk__size_delta=0.119771; memory__n_created_tmp=0.0933338; memory__total_processes=0.0917207; disk__parent_is_dotnet=0.0741994; memory__n_created_dll=0.0671933; disk__parent_is_i386=0.0535166; memory__modules_count=0.0422322; disk__path_len=0.0151969,0.9363636363636363,0.9251298701298701,0.9489172392628079
Fused pseudo sensitivity,153,8,8,QuasarRAT,QuasarRAT,True,LIME,memory__total_processes=0.042441; memory__n_registry_hklm=0.0301985; memory__n_created_dll=0.0226601; network__domains_per_conn=0.0211888; disk__parent_is_i386=0.0128439; disk__parent_sections=0.0101379; network__mean_domain_entropy=0.00893036; memory__modules_count=0.00797034; memory__path_entropy=0.00783614; network__avg_domain_len=0.00776527,0.46794871794871806,0.4703928798180107,0.437608402541107
Fused pseudo sensitivity,153,8,8,QuasarRAT,QuasarRAT,True,SRC,memory__modules_count=0.341817; memory__n_created_dll=0.161073; memory__path_len=0.139497; memory__n_registry_hklm=0.13755; memory__n_created_tmp=0.129673; memory__path_entropy=0.085862; disk__parent_is_dotnet=0.0719771; disk__parent_size=0.0685186; network__domains_per_conn=0.0670277; disk__parent_is_gui=0.061912,0.8833333333333334,0.9242207792207792,0.9904684027320775
Fused pseudo sensitivity,154,15,15,lumma,lumma,True,SHAP,memory__total_processes=0.138886; disk__parent_sections=0.0709089; disk__parent_size=0.0439718; memory__n_created_dll=0.029514; disk__size_delta=0.0247932; network__domains_per_conn=0.022399; disk__parent_is_gui=0.0203358; disk__parent_is_i386=0.0188434; network__mean_domain_entropy=0.0177982; disk__parent_is_dotnet=0.0176679,0.8560606060606061,0.9142857142857144,0.9908979007215113
Fused pseudo sensitivity,154,15,15,lumma,lumma,True,LIME,disk__size_delta=0.0823605; memory__total_processes=0.0780516; disk__parent_size=0.0590041; memory__n_created_dll=0.0245248; disk__parent_is_dotnet=0.0242724; disk__parent_sections=0.0182804; network__n_public_service_domains=0.00952947; disk__path_len=0.00921831; network__n_public_ips=0.00850431; network__avg_domain_len=0.00705027,0.597069597069597,0.7103246753246752,0.9339627522371827
Fused pseudo sensitivity,154,15,15,lumma,lumma,True,SRC,disk__parent_is_i386=0.583659; memory__n_registry_hklm=0.356877; memory__modules_count=0.323398; disk__parent_is_gui=0.287669; memory__n_created_dll=0.257854; disk__parent_size=0.223176; disk__size_delta=0.208005; network__n_unique_tlds=0.169711; memory__n_created_tmp=0.146128; network__avg_domain_len=0.139717,0.6573083778966133,0.5901948051948052,0.8257288309699614
Fused pseudo sensitivity,157,13,13,agenttesla,agenttesla,True,SHAP,memory__total_processes=0.132335; memory__n_created_dll=0.0897874; memory__path_len=0.0779315; disk__parent_is_dotnet=0.0703356; memory__path_entropy=0.0673428; disk__size_delta=0.0368413; disk__parent_size=0.0344299; network__domains_per_conn=0.0304389; disk__parent_is_i386=0.0232205; disk__parent_sections=0.0219087,0.7614219114219114,0.9162337662337663,0.977314146983711
Fused pseudo sensitivity,157,13,13,agenttesla,agenttesla,True,LIME,memory__total_processes=0.0475604; disk__parent_is_dotnet=0.0313574; disk__size_delta=0.0220773; memory__n_created_dll=0.0189758; network__domains_per_conn=0.0138509; disk__parent_sections=0.00909581; network__n_unique_tlds=0.00800441; disk__parent_is_i386=0.0068204; disk__parent_size=0.00667834; network__n_unique_ips=0.00651045,0.5815018315018314,0.6096753246753247,0.7224800899330414
Fused pseudo sensitivity,157,13,13,agenttesla,agenttesla,True,SRC,disk__parent_size=0.282626; memory__n_created_dll=0.169723; disk__parent_sections=0.133719; network__domains_per_conn=0.123684; memory__modules_count=0.116831; memory__n_registry_hklm=0.0962747; network__avg_domain_len=0.0881817; network__n_unique_tlds=0.0860224; memory__total_processes=0.0771207; network__mean_domain_entropy=0.0564445,0.859090909090909,0.9420779220779221,0.988992408602072
Fused pseudo sensitivity,158,16,16,redline,redline,True,SHAP,memory__total_processes=0.221616; memory__n_created_dll=0.140611; disk__path_len=0.102502; disk__parent_size=0.0836647; network__domains_per_conn=0.0648445; disk__parent_sections=0.0502609; network__avg_domain_len=0.0441217; network__mean_domain_entropy=0.0393654; disk__size_delta=0.0362332; network__n_unique_tlds=0.026149,0.7818181818181819,0.8948051948051947,0.9796731693740572
Fused pseudo sensitivity,158,16,16,redline,redline,True,LIME,memory__total_processes=0.271622; memory__n_created_dll=0.0828421; disk__parent_is_i386=0.0338903; network__domains_per_conn=0.0334971; network__n_unique_ips=0.0329968; network__n_public_ips=0.0329968; disk__parent_sections=0.0295606; network__avg_domain_len=0.0289119; network__mean_domain_entropy=0.022344; disk__parent_is_dotnet=0.0220025,0.5579420579420579,0.5750071716493942,0.7917722264183363
Fused pseudo sensitivity,158,16,16,redline,redline,True,SRC,disk__parent_size=0.139726; disk__size_delta=0.13486; memory__modules_count=0.124843; network__n_unique_tlds=0.0932881; network__domains_per_conn=0.0683053; network__n_public_service_domains=0.0612362; memory__n_created_dll=0.0536713; memory__path_len=0.0480307; disk__parent_is_dotnet=0.0465538; memory__total_processes=0.0411701,0.6312853812853814,0.6844805194805195,0.9053741605115976
Fused pseudo sensitivity,160,7,7,Phorpiex,Phorpiex,True,SHAP,disk__parent_size=0.341002; network__n_unique_ips=0.107838; network__n_public_ips=0.102305; memory__total_processes=0.0726798; disk__size_delta=0.0682683; disk__parent_is_dotnet=0.0647319; network__avg_domain_len=0.0281595; disk__parent_sections=0.0250601; memory__n_created_dll=0.0232813; network__mean_domain_entropy=0.0196465,1.0,0.9664285714285716,0.8282809771550067
Fused pseudo sensitivity,160,7,7,Phorpiex,Phorpiex,True,LIME,disk__parent_size=0.0488972; network__n_public_ips=0.0437369; network__n_unique_ips=0.0384179; memory__total_processes=0.0347103; disk__parent_is_dotnet=0.0199636; disk__size_delta=0.0159909; memory__n_created_dll=0.0127534; network__avg_domain_len=0.0118899; network__n_unique_tlds=0.00941687; memory__n_created_tmp=0.00875274,0.6055611055611054,0.6090259740259739,0.5863257152728676
Fused pseudo sensitivity,160,7,7,Phorpiex,Phorpiex,True,SRC,network__mean_domain_entropy=0.14621; memory__n_registry_hklm=0.134762; memory__total_processes=0.128383; disk__size_delta=0.114086; disk__parent_sections=0.108088; memory__modules_count=0.10437; network__avg_domain_len=0.0835553; network__domains_per_conn=0.0817952; network__n_unique_tlds=0.0696429; network__n_public_ips=0.0586708,0.561221131809367,0.4350649350649351,0.7728651367929439
Fused pseudo sensitivity,161,5,2,MedusaLocker,Black Suit,False,SHAP,memory__total_processes=0.090509; disk__parent_is_dotnet=0.0724735; disk__parent_size=0.0687044; memory__n_created_dll=0.0523541; memory__path_len=0.049765; disk__size_delta=0.0394755; memory__path_entropy=0.0361924; disk__path_len=0.0351969; disk__parent_is_i386=0.0330486; memory__n_registry_hklm=0.0283666,0.6553446553446554,0.8421428571428571,0.9471001313569086
Fused pseudo sensitivity,161,5,2,MedusaLocker,Black Suit,False,LIME,memory__total_processes=0.0266822; disk__parent_is_dotnet=0.0231814; disk__parent_size=0.0172767; disk__parent_is_i386=0.0128152; memory__n_created_dll=0.0127742; disk__size_delta=0.0118478; memory__n_registry_hklm=0.00889414; network__avg_domain_len=0.00681072; memory__modules_count=0.00596756; network__n_public_ips=0.00528635,0.5265567765567765,0.5409090909090909,0.47688396856185633
Fused pseudo sensitivity,161,5,2,MedusaLocker,Black Suit,False,SRC,memory__n_created_tmp=0.153367; network__mean_domain_entropy=0.135672; memory__modules_count=0.118146; network__n_unique_tlds=0.0864849; network__avg_domain_len=0.0852032; network__domains_per_conn=0.0426929; memory__n_created_dll=0.030956; disk__parent_size=0.0291956; disk__size_delta=0.0246197; disk__parent_is_i386=0.0239132,0.41648351648351645,0.40006493506493507,0.7333495381317756
Fused pseudo sensitivity,162,7,7,Phorpiex,Phorpiex,True,SHAP,disk__parent_size=0.286809; disk__size_delta=0.0587201; network__avg_domain_len=0.055603; disk__parent_is_dotnet=0.0539862; memory__total_processes=0.0395996; network__mean_domain_entropy=0.0261376; memory__n_created_dll=0.0223041; memory__n_registry_hklm=0.0198886; network__domains_per_conn=0.0168513; disk__parent_is_gui=0.0135698,0.6864801864801864,0.7039610389610388,0.88557396273428
Fused pseudo sensitivity,162,7,7,Phorpiex,Phorpiex,True,LIME,disk__parent_size=0.0487306; network__n_public_ips=0.0372264; network__n_unique_ips=0.0363548; disk__size_delta=0.0344124; memory__total_processes=0.0304459; memory__path_len=0.0139152; disk__parent_is_dotnet=0.011904; memory__path_entropy=0.0113773; network__avg_domain_len=0.0084265; memory__n_registry_hklm=0.00720236,0.5430402930402931,0.5219480519480519,0.7017691670659908
Fused pseudo sensitivity,162,7,7,Phorpiex,Phorpiex,True,SRC,disk__parent_sections=1.63588; disk__size_delta=1.39695; network__domains_per_conn=1.13809; network__n_public_ips=1.09742; network__n_unique_ips=1.09732; disk__parent_size=1.0166; disk__parent_is_dotnet=0.892178; disk__path_len=0.887344; memory__n_registry_hklm=0.815124; memory__n_created_tmp=0.793629,0.7575894693541753,0.740909090909091,0.9179905194509141
Fused pseudo sensitivity,165,0,2,Akira,Black Suit,False,SHAP,memory__total_processes=0.066871; disk__parent_is_dotnet=0.0507908; disk__parent_size=0.0375736; memory__n_created_dll=0.0346928; memory__path_len=0.0290559; disk__parent_is_i386=0.0253759; disk__size_delta=0.0232691; network__n_public_ips=0.0220718; network__n_unique_ips=0.0208735; memory__n_registry_hklm=0.0199167,0.6530136530136529,0.8466883116883117,0.9463226675773102
Fused pseudo sensitivity,165,0,2,Akira,Black Suit,False,LIME,memory__total_processes=0.0222416; disk__parent_is_dotnet=0.0208692; memory__n_created_dll=0.012415; disk__parent_is_i386=0.0111323; disk__parent_size=0.00980192; disk__path_len=0.00969885; memory__path_len=0.00798391; disk__size_delta=0.00525317; network__n_unique_ips=0.00421711; network__avg_domain_len=0.00417239,0.5874958374958374,0.5356249512224516,0.6203727522091923
Fused pseudo sensitivity,165,0,2,Akira,Black Suit,False,SRC,network__mean_domain_entropy=0.111928; memory__path_len=0.0892178; network__n_unique_tlds=0.0826125; network__domains_per_conn=0.077653; memory__total_processes=0.0637288; memory__n_created_tmp=0.0617592; network__avg_domain_len=0.058599; memory__n_registry_hklm=0.0562556; disk__parent_is_dotnet=0.0528385; disk__parent_size=0.02844,0.7599067599067599,0.8365584415584415,0.9555965449263079
Fused pseudo sensitivity,167,2,5,Black Suit,MedusaLocker,False,SHAP,disk__parent_is_dotnet=0.0748675; disk__parent_size=0.0563258; disk__size_delta=0.0384835; network__n_unique_tlds=0.0258258; network__n_public_ips=0.0231082; memory__n_created_tmp=0.0223424; network__n_unique_ips=0.0219304; disk__parent_is_i386=0.0211076; disk__parent_sections=0.0207486; network__n_public_service_domains=0.0203791,0.7893939393939394,0.8129870129870129,0.9577938058049795
Fused pseudo sensitivity,167,2,5,Black Suit,MedusaLocker,False,LIME,disk__parent_is_dotnet=0.0352124; memory__total_processes=0.019328; disk__parent_size=0.0174337; disk__parent_is_i386=0.0156832; network__domains_per_conn=0.0139174; memory__n_created_dll=0.0121098; disk__size_delta=0.0104911; memory__n_created_tmp=0.0092949; disk__parent_sections=0.00792193; network__n_unique_tlds=0.00445683,0.7118881118881119,0.6720718736362379,0.6082651326951642
Fused pseudo sensitivity,167,2,5,Black Suit,MedusaLocker,False,SRC,memory__n_created_tmp=0.353066; memory__modules_count=0.133597; memory__total_processes=0.119085; network__domains_per_conn=0.0601392; network__avg_domain_len=0.0530777; disk__parent_is_dotnet=0.0526828; network__n_unique_tlds=0.0447608; disk__path_len=0.0420025; memory__n_created_dll=0.0403808; disk__parent_is_i386=0.0386071,0.5969030969030968,0.7223376623376622,0.914664563879289
Fused pseudo sensitivity,168,5,5,MedusaLocker,MedusaLocker,True,SHAP,disk__parent_is_dotnet=0.0590078; disk__size_delta=0.0558905; disk__parent_size=0.0503722; memory__total_processes=0.0395005; memory__n_registry_hklm=0.0305109; disk__parent_is_i386=0.0278834; disk__parent_sections=0.0208765; memory__n_created_tmp=0.0197432; network__mean_domain_entropy=0.0139685; network__avg_domain_len=0.0118349,0.7375291375291375,0.8753896103896104,0.96958145759434
Fused pseudo sensitivity,168,5,5,MedusaLocker,MedusaLocker,True,LIME,disk__parent_is_dotnet=0.0343489; disk__parent_is_i386=0.0162518; disk__parent_size=0.0131189; memory__total_processes=0.0113157; disk__size_delta=0.0112707; memory__n_created_dll=0.00635648; disk__path_len=0.00583752; memory__n_registry_hklm=0.00556484; network__n_public_ips=0.00447976; disk__parent_sections=0.00444277,0.7208624708624708,0.6721602589391814,0.666045766926981
Fused pseudo sensitivity,168,5,5,MedusaLocker,MedusaLocker,True,SRC,network__domains_per_conn=0.314507; memory__n_created_tmp=0.210283; disk__parent_is_i386=0.184035; network__avg_domain_len=0.171658; memory__n_registry_hklm=0.131481; memory__path_entropy=0.114647; network__mean_domain_entropy=0.111636; memory__total_processes=0.0667141; memory__path_len=0.0638296; memory__n_created_dll=0.0543165,0.909090909090909,0.9199350649350648,0.9933486098930479
Fused pseudo sensitivity,169,9,9,SalatStealer,SalatStealer,True,SHAP,disk__parent_size=0.116506; disk__size_delta=0.101599; memory__n_registry_hklm=0.0473194; disk__parent_is_i386=0.0405214; disk__path_len=0.0340198; memory__n_created_dll=0.0253343; memory__total_processes=0.0235271; network__n_unique_ips=0.02191; network__n_public_ips=0.0214655; disk__parent_is_dotnet=0.0205919,0.6981351981351981,0.8842857142857141,0.9895177928680857
Fused pseudo sensitivity,169,9,9,SalatStealer,SalatStealer,True,LIME,disk__parent_is_i386=0.0464518; memory__total_processes=0.0390107; disk__parent_size=0.0305924; memory__n_registry_hklm=0.018095; memory__n_created_dll=0.0168425; network__n_public_service_domains=0.0152626; disk__path_len=0.0141322; network__n_unique_ips=0.0103619; disk__size_delta=0.00992399; memory__path_entropy=0.00605471,0.6518481518481517,0.6253896103896104,0.7429458985823082
Fused pseudo sensitivity,169,9,9,SalatStealer,SalatStealer,True,SRC,memory__modules_count=0.184252; memory__n_created_dll=0.164352; disk__parent_is_i386=0.134431; disk__parent_size=0.11114; network__mean_domain_entropy=0.10866; disk__path_len=0.0701579; network__avg_domain_len=0.0622248; disk__size_delta=0.0495363; disk__parent_sections=0.0435464; network__domains_per_conn=0.0371845,0.727955377955378,0.8670779220779222,0.9762477886295393
Fused pseudo sensitivity,173,11,11,Stealc,Stealc,True,SHAP,disk__parent_sections=0.117353; memory__n_created_tmp=0.0729569; disk__parent_is_i386=0.0473137; disk__size_delta=0.0360859; memory__total_processes=0.0317212; disk__parent_is_dotnet=0.0311116; disk__parent_size=0.0297876; network__mean_domain_entropy=0.0240829; disk__path_len=0.0238821; network__n_public_service_domains=0.0181623,0.9454545454545455,0.9681168831168829,0.9903905011208851
Fused pseudo sensitivity,173,11,11,Stealc,Stealc,True,LIME,disk__parent_sections=0.0398412; memory__n_created_tmp=0.0262284; memory__total_processes=0.0203169; disk__parent_is_dotnet=0.0202838; disk__size_delta=0.0158312; memory__modules_count=0.0123463; disk__parent_is_i386=0.0119213; network__n_unique_ips=0.0118466; memory__path_entropy=0.0110819; network__n_unique_tlds=0.00964319,0.5071428571428571,0.5885714285714286,0.7711923789103259
Fused pseudo sensitivity,173,11,11,Stealc,Stealc,True,SRC,network__avg_domain_len=0.330374; network__n_public_service_domains=0.320858; network__mean_domain_entropy=0.253123; memory__path_len=0.224228; memory__path_entropy=0.189677; network__n_unique_tlds=0.169292; disk__parent_is_i386=0.109705; disk__path_len=0.101208; disk__parent_is_dotnet=0.0989985; disk__size_delta=0.0907927,0.6773623435388142,0.5497402597402598,0.7935569574682262
Fused pseudo sensitivity,175,3,3,CoinMiner,CoinMiner,True,SHAP,network__n_public_ips=0.072252; network__n_unique_ips=0.0688441; disk__parent_size=0.0624288; memory__total_processes=0.0370681; disk__parent_is_dotnet=0.0351217; disk__parent_is_i386=0.0336314; disk__size_delta=0.03275; memory__modules_count=0.0313483; disk__parent_sections=0.0242476; network__mean_domain_entropy=0.0229962,0.8151515151515152,0.9227922077922077,0.9659624152040733
Fused pseudo sensitivity,175,3,3,CoinMiner,CoinMiner,True,LIME,disk__size_delta=0.0449541; disk__parent_size=0.032532; memory__total_processes=0.0305589; memory__modules_count=0.0235311; disk__parent_sections=0.0228717; disk__parent_is_dotnet=0.0156521; memory__n_created_dll=0.011604; network__mean_domain_entropy=0.010824; disk__path_len=0.0102744; network__n_public_service_domains=0.00991368,0.6293706293706293,0.7283766233766235,0.9197486534100421
Fused pseudo sensitivity,175,3,3,CoinMiner,CoinMiner,True,SRC,network__domains_per_conn=0.600616; network__mean_domain_entropy=0.448939; memory__path_entropy=0.347775; memory__n_created_dll=0.340041; disk__parent_is_dotnet=0.31745; network__avg_domain_len=0.266258; memory__n_created_tmp=0.183212; disk__size_delta=0.175148; disk__parent_is_i386=0.166748; disk__parent_is_gui=0.152252,0.9363636363636363,0.981103896103896,0.9982309329585931
Fused pseudo sensitivity,176,5,5,MedusaLocker,MedusaLocker,True,SHAP,memory__n_registry_hklm=0.0965798; disk__parent_is_dotnet=0.0736974; disk__parent_size=0.0698072; disk__size_delta=0.0487322; memory__n_created_tmp=0.0403018; memory__n_created_dll=0.0395425; memory__modules_count=0.0362087; memory__total_processes=0.0316368; disk__parent_is_i386=0.0314647; disk__parent_sections=0.0257419,0.9727272727272727,0.8948701298701298,0.965856870641131
Fused pseudo sensitivity,176,5,5,MedusaLocker,MedusaLocker,True,LIME,disk__parent_is_dotnet=0.0370133; memory__total_processes=0.0226818; disk__parent_is_i386=0.0169802; disk__size_delta=0.0137772; disk__parent_size=0.0133358; memory__n_created_tmp=0.0102834; memory__n_registry_hklm=0.0091198; disk__path_len=0.00832117; memory__n_created_dll=0.00756892; memory__modules_count=0.00685965,0.7681818181818182,0.7651486007906411,0.5856520785660249
Fused pseudo sensitivity,176,5,5,MedusaLocker,MedusaLocker,True,SRC,disk__size_delta=0.0489942; memory__path_entropy=0.046624; network__avg_domain_len=0.0465861; disk__parent_is_i386=0.0456309; memory__total_processes=0.0418472; memory__n_created_tmp=0.0415136; memory__path_len=0.0368041; memory__n_created_dll=0.0285076; disk__path_len=0.0170976; memory__modules_count=0.0166184,0.38241758241758245,0.2812337662337662,0.6990466633257124
Fused pseudo sensitivity,177,2,2,Black Suit,Black Suit,True,SHAP,disk__path_len=0.095138; disk__size_delta=0.0721904; disk__parent_size=0.0645502; memory__total_processes=0.0489276; disk__parent_sections=0.0438717; disk__parent_is_i386=0.0373325; memory__path_len=0.00928572; network__mean_domain_entropy=0.00915467; disk__parent_is_dotnet=0.00899142; memory__modules_count=0.00857458,0.694055944055944,0.8333766233766233,0.9923773132510293
Fused pseudo sensitivity,177,2,2,Black Suit,Black Suit,True,LIME,memory__total_processes=0.0280794; disk__parent_is_dotnet=0.0192938; disk__parent_size=0.0187384; disk__path_len=0.0167035; disk__size_delta=0.0119288; memory__n_created_dll=0.0106248; disk__parent_is_i386=0.00769982; disk__parent_sections=0.00678495; memory__modules_count=0.00655277; memory__n_registry_hklm=0.00641989,0.6724941724941724,0.6989610389610389,0.6903486222463427
Fused pseudo sensitivity,177,2,2,Black Suit,Black Suit,True,SRC,memory__path_entropy=0.137485; disk__size_delta=0.125028; network__mean_domain_entropy=0.0981798; disk__path_len=0.0897457; memory__path_len=0.0825381; network__domains_per_conn=0.0822976; memory__n_created_dll=0.0458617; disk__parent_size=0.0457877; memory__n_created_tmp=0.0445035; memory__total_processes=0.0438417,0.6738386613386613,0.6557142857142858,0.8781275958704917
Fused pseudo sensitivity,178,15,15,lumma,lumma,True,SHAP,disk__size_delta=0.23029; memory__total_processes=0.18977; disk__parent_size=0.180179; memory__n_created_dll=0.119967; disk__parent_sections=0.08059; disk__path_len=0.0417524; disk__parent_is_i386=0.0235508; disk__parent_is_dotnet=0.0190282; network__domains_per_conn=0.0129857; network__n_public_ips=0.0125352,0.8484848484848484,0.9516883116883118,0.997372428542616
Fused pseudo sensitivity,178,15,15,lumma,lumma,True,LIME,disk__size_delta=0.0814581; memory__total_processes=0.0799778; disk__parent_size=0.0689988; memory__n_created_dll=0.0297607; disk__parent_sections=0.023211; disk__parent_is_dotnet=0.0222462; network__n_public_ips=0.0136081; network__n_unique_tlds=0.0133763; network__mean_domain_entropy=0.0124358; disk__path_len=0.0104233,0.6097236097236096,0.6734415584415585,0.7305799148559536
Fused pseudo sensitivity,178,15,15,lumma,lumma,True,SRC,memory__modules_count=0.131413; disk__parent_sections=0.0756282; disk__parent_size=0.0735223; disk__size_delta=0.0558907; memory__n_created_dll=0.0533128; network__mean_domain_entropy=0.0403287; memory__path_len=0.0389248; network__avg_domain_len=0.0292492; memory__n_created_tmp=0.0284677; memory__path_entropy=0.0244326,0.5664335664335663,0.5445454545454546,0.8567263827279603
Fused pseudo sensitivity,179,1,1,AsyncRAT,AsyncRAT,True,SHAP,disk__parent_size=0.319026; disk__parent_is_dotnet=0.0928451; disk__size_delta=0.0625781; memory__total_processes=0.0544728; disk__parent_is_i386=0.0469515; memory__n_created_dll=0.0353443; disk__path_len=0.0305081; disk__parent_sections=0.0264729; network__avg_domain_len=0.0204285; network__mean_domain_entropy=0.0130826,0.7163170163170162,0.8502597402597403,0.8471359700613148
Fused pseudo sensitivity,179,1,1,AsyncRAT,AsyncRAT,True,LIME,memory__total_processes=0.0301846; disk__parent_size=0.0204703; memory__n_created_dll=0.0164877; disk__parent_is_dotnet=0.0138473; disk__path_len=0.0122064; memory__n_created_tmp=0.0112673; network__avg_domain_len=0.0106028; network__n_public_ips=0.00770798; memory__modules_count=0.00729768; network__n_unique_ips=0.00663164,0.5506160506160506,0.5257792207792208,0.41358020998384604
Fused pseudo sensitivity,179,1,1,AsyncRAT,AsyncRAT,True,SRC,memory__total_processes=0.196745; disk__path_len=0.108138; memory__n_created_dll=0.107111; disk__parent_sections=0.0590171; memory__n_created_tmp=0.0487129; memory__n_registry_hklm=0.0419413; disk__size_delta=0.0394547; disk__parent_is_dotnet=0.0318771; network__n_public_service_domains=0.0316799; disk__parent_is_gui=0.0277961,0.6046453546453545,0.7292207792207791,0.9557461338251247
Fused pseudo sensitivity,181,14,14,lockbit,lockbit,True,SHAP,memory__total_processes=0.157701; disk__parent_size=0.12716; memory__n_created_dll=0.0939451; disk__parent_is_i386=0.0588762; disk__size_delta=0.0471263; network__avg_domain_len=0.0438704; disk__parent_sections=0.0427777; disk__path_len=0.024473; disk__parent_is_dotnet=0.0232381; network__mean_domain_entropy=0.017934,0.9106060606060605,0.9268831168831169,0.9541777115228081
Fused pseudo sensitivity,181,14,14,lockbit,lockbit,True,LIME,memory__total_processes=0.0796272; disk__parent_size=0.0608965; disk__path_len=0.0380939; memory__n_created_dll=0.0293899; disk__parent_is_i386=0.0158866; network__n_unique_ips=0.0115961; memory__n_created_tmp=0.0108667; disk__size_delta=0.00946639; disk__parent_sections=0.00933291; memory__modules_count=0.00921792,0.5753413253413253,0.5502597402597402,0.6346351677286881
Fused pseudo sensitivity,181,14,14,lockbit,lockbit,True,SRC,network__n_unique_tlds=0.116741; network__avg_domain_len=0.101935; disk__size_delta=0.0951425; memory__modules_count=0.0848888; disk__parent_sections=0.0490934; disk__parent_size=0.048771; network__n_public_service_domains=0.0465916; memory__n_created_dll=0.0458336; memory__total_processes=0.0407775; memory__path_len=0.0345751,0.7044955044955045,0.7961688311688312,0.9355814591130427
Fused pseudo sensitivity,183,5,5,MedusaLocker,MedusaLocker,True,SHAP,disk__parent_is_dotnet=0.090421; disk__parent_size=0.0750675; memory__total_processes=0.0749989; disk__size_delta=0.0580262; memory__n_registry_hklm=0.0505065; memory__path_len=0.0449013; memory__n_created_tmp=0.0435563; disk__parent_is_i386=0.0368815; disk__parent_sections=0.0297177; memory__n_created_dll=0.0273816,0.7678321678321678,0.8514285714285714,0.9531628322821284
Fused pseudo sensitivity,183,5,5,MedusaLocker,MedusaLocker,True,LIME,disk__parent_is_dotnet=0.0370311; memory__total_processes=0.0191375; disk__parent_is_i386=0.0171385; disk__parent_size=0.0159754; memory__n_created_tmp=0.0122039; disk__size_delta=0.012023; memory__n_created_dll=0.0117335; memory__n_registry_hklm=0.0106329; disk__path_len=0.00929057; disk__parent_sections=0.00856474,0.75,0.7765584415584416,0.5906909884116457
Fused pseudo sensitivity,183,5,5,MedusaLocker,MedusaLocker,True,SRC,disk__size_delta=0.167463; network__avg_domain_len=0.114389; network__domains_per_conn=0.0481025; disk__parent_is_i386=0.0453487; disk__parent_is_dotnet=0.0378855; memory__n_created_dll=0.0218443; disk__parent_sections=0.0215422; memory__total_processes=0.0177358; network__mean_domain_entropy=0.0167483; memory__modules_count=0.0148627,0.44032536091359614,0.37675324675324673,0.9290188882889835
Fused pseudo sensitivity,184,1,1,AsyncRAT,AsyncRAT,True,SHAP,disk__parent_size=0.232161; disk__parent_is_dotnet=0.124742; disk__size_delta=0.0639915; memory__total_processes=0.0483506; disk__parent_is_i386=0.0480851; memory__n_created_dll=0.0359587; disk__path_len=0.0341761; network__avg_domain_len=0.0290906; memory__n_created_tmp=0.0271622; disk__parent_sections=0.0263806,0.8454545454545455,0.9174675324675325,0.8988092824513331
Fused pseudo sensitivity,184,1,1,AsyncRAT,AsyncRAT,True,LIME,disk__parent_size=0.0169888; disk__parent_is_dotnet=0.0139584; memory__total_processes=0.0136564; memory__n_created_dll=0.0128004; disk__path_len=0.0121397; disk__parent_is_i386=0.00719036; network__n_public_ips=0.00706504; network__n_unique_ips=0.00552054; memory__modules_count=0.00536766; memory__n_registry_hklm=0.00514268,0.6046453546453545,0.6147402597402598,0.4418277641629196
Fused pseudo sensitivity,184,1,1,AsyncRAT,AsyncRAT,True,SRC,network__mean_domain_entropy=0.113308; network__n_unique_tlds=0.0845444; network__avg_domain_len=0.0692529; memory__total_processes=0.0678268; network__domains_per_conn=0.0395754; memory__path_len=0.0295957; memory__n_created_dll=0.0253802; memory__path_entropy=0.0245051; disk__parent_sections=0.0115918; disk__parent_is_i386=0.0105968,0.4596477052359405,0.3742207792207792,0.7454031226615402
Fused pseudo sensitivity,185,17,17,wannacry,wannacry,True,SHAP,network__avg_domain_len=0.154448; network__n_public_ips=0.147009; network__n_unique_ips=0.142474; memory__total_processes=0.139663; memory__n_created_dll=0.0761792; network__mean_domain_entropy=0.0610341; disk__parent_size=0.0454472; disk__size_delta=0.0394663; disk__parent_is_i386=0.0186404; memory__n_registry_hklm=0.0176227,0.8909090909090909,0.9708441558441561,0.9946106574573207
Fused pseudo sensitivity,185,17,17,wannacry,wannacry,True,LIME,network__n_public_ips=0.18369; network__n_unique_ips=0.180374; memory__total_processes=0.0903765; network__avg_domain_len=0.0640025; memory__n_created_dll=0.0308204; disk__parent_is_i386=0.0244758; disk__parent_size=0.023222; network__mean_domain_entropy=0.0200456; disk__parent_is_dotnet=0.0186123; memory__n_registry_hklm=0.0177961,0.7727272727272727,0.7519480519480519,0.889526775516255
Fused pseudo sensitivity,185,17,17,wannacry,wannacry,True,SRC,disk__parent_size=0.0762601; memory__n_created_dll=0.0530829; network__n_unique_tlds=0.0480141; disk__parent_is_i386=0.0372899; disk__parent_is_dotnet=0.0273268; network__mean_domain_entropy=0.024808; memory__total_processes=0.0241666; network__n_public_service_domains=0.0149374; disk__parent_is_gui=0.0131062; disk__size_delta=0.0120712,0.672011322011322,0.6129220779220779,0.8615350580406368
Fused pseudo sensitivity,189,11,11,Stealc,Stealc,True,SHAP,disk__parent_sections=0.212794; disk__parent_size=0.0784385; disk__path_len=0.0448595; memory__total_processes=0.0436695; disk__parent_is_dotnet=0.0423763; disk__size_delta=0.0419444; network__mean_domain_entropy=0.0315149; network__avg_domain_len=0.0304891; network__n_unique_tlds=0.0279766; network__n_unique_ips=0.0267362,0.75,0.9510389610389609,0.9948129997463253
Fused pseudo sensitivity,189,11,11,Stealc,Stealc,True,LIME,disk__parent_sections=0.0575204; memory__total_processes=0.0402498; network__avg_domain_len=0.0219303; disk__parent_is_dotnet=0.0207348; network__n_unique_ips=0.0169628; network__n_unique_tlds=0.0159835; network__domains_per_conn=0.01499; memory__n_created_tmp=0.0123402; network__mean_domain_entropy=0.0119666; memory__n_created_dll=0.00894466,0.4701465201465201,0.3707238830686222,0.3984368349418267
Fused pseudo sensitivity,189,11,11,Stealc,Stealc,True,SRC,network__domains_per_conn=0.116224; memory__n_created_dll=0.109983; disk__parent_size=0.0711311; memory__n_registry_hklm=0.0613373; disk__size_delta=0.0594365; network__mean_domain_entropy=0.0433041; network__n_unique_tlds=0.0332738; memory__path_len=0.0325174; disk__path_len=0.0274103; disk__parent_is_dotnet=0.0248957,0.4752705627705628,0.20811688311688314,0.6480651781599577
Fused pseudo sensitivity,199,3,3,CoinMiner,CoinMiner,True,SHAP,disk__size_delta=0.0838941; disk__parent_size=0.0735469; memory__n_registry_hklm=0.0659696; memory__total_processes=0.0625287; network__n_public_ips=0.0509861; network__n_unique_ips=0.0483478; disk__parent_is_dotnet=0.0470252; memory__modules_count=0.0317169; disk__parent_sections=0.031241; memory__path_entropy=0.0211944,0.8621212121212121,0.9343506493506493,0.976510768092137
Fused pseudo sensitivity,199,3,3,CoinMiner,CoinMiner,True,LIME,disk__size_delta=0.0364661; disk__parent_size=0.0363719; memory__total_processes=0.0358819; memory__modules_count=0.0236358; disk__parent_is_dotnet=0.0155647; memory__n_created_dll=0.0136331; memory__n_registry_hklm=0.0127559; network__n_unique_ips=0.0102544; network__mean_domain_entropy=0.00801283; memory__path_entropy=0.00726567,0.556110556110556,0.6346103896103895,0.7904595281159372
Fused pseudo sensitivity,199,3,3,CoinMiner,CoinMiner,True,SRC,disk__parent_is_i386=0.64749; network__mean_domain_entropy=0.572568; disk__path_len=0.530578; disk__parent_is_dotnet=0.406164; disk__size_delta=0.331442; memory__path_entropy=0.300599; network__n_public_service_domains=0.276754; network__domains_per_conn=0.254594; disk__parent_is_gui=0.161561; disk__parent_size=0.14556,0.7361804861804863,0.7794805194805194,0.9382849578293968
Fused pseudo sensitivity,200,15,15,lumma,lumma,True,SHAP,memory__total_processes=0.149184; disk__parent_sections=0.0976957; memory__n_created_dll=0.0799423; disk__parent_size=0.059194; disk__size_delta=0.0474837; network__domains_per_conn=0.0326426; disk__parent_is_gui=0.0261966; disk__parent_is_dotnet=0.0223745; disk__parent_is_i386=0.0156354; network__n_public_ips=0.0143225,0.7435897435897436,0.9031818181818181,0.9845366564320382
Fused pseudo sensitivity,200,15,15,lumma,lumma,True,LIME,memory__total_processes=0.0847553; disk__size_delta=0.0804642; disk__parent_size=0.0728259; disk__parent_sections=0.0241478; memory__n_created_dll=0.0234923; disk__parent_is_dotnet=0.0230389; network__n_public_ips=0.0157408; network__n_unique_tlds=0.0114518; network__avg_domain_len=0.0109131; network__domains_per_conn=0.010772,0.6456876456876456,0.7830519480519481,0.9490561289988697
Fused pseudo sensitivity,200,15,15,lumma,lumma,True,SRC,network__avg_domain_len=0.101549; disk__parent_is_i386=0.0976303; memory__modules_count=0.0619602; disk__parent_size=0.0555726; disk__size_delta=0.0540227; memory__n_created_dll=0.0513249; network__mean_domain_entropy=0.0492014; disk__parent_is_gui=0.0438665; memory__path_len=0.0425875; disk__parent_is_dotnet=0.0394388,0.6357475857475857,0.6344155844155844,0.9017675164907033
Fused pseudo sensitivity,201,13,13,agenttesla,agenttesla,True,SHAP,memory__total_processes=0.131586; memory__n_created_dll=0.0738004; disk__parent_is_dotnet=0.0644421; disk__size_delta=0.0341699; network__domains_per_conn=0.0301624; memory__modules_count=0.0263286; disk__parent_size=0.0251816; disk__parent_sections=0.0249869; memory__n_registry_hklm=0.0209097; disk__parent_is_i386=0.017193,0.8254079254079254,0.8849350649350649,0.98404304933128
Fused pseudo sensitivity,201,13,13,agenttesla,agenttesla,True,LIME,memory__total_processes=0.0498404; disk__parent_is_dotnet=0.0329462; disk__size_delta=0.0220056; memory__n_created_dll=0.02181; network__domains_per_conn=0.0179198; network__n_unique_ips=0.010304; network__n_public_ips=0.00967346; disk__parent_sections=0.00773679; network__avg_domain_len=0.00749187; network__mean_domain_entropy=0.0069883,0.5936563436563436,0.5595454545454546,0.6036383153454976
Fused pseudo sensitivity,201,13,13,agenttesla,agenttesla,True,SRC,memory__n_created_tmp=0.110973; network__avg_domain_len=0.107186; disk__parent_size=0.0927896; memory__n_created_dll=0.0637656; network__domains_per_conn=0.0339157; memory__modules_count=0.0290129; memory__path_entropy=0.0282623; memory__n_registry_hklm=0.0259013; disk__size_delta=0.0229369; memory__total_processes=0.0206889,0.6756077256077255,0.658961038961039,0.8272331310298281
Fused pseudo sensitivity,202,0,2,Akira,Black Suit,False,SHAP,disk__parent_size=0.0843212; disk__parent_is_dotnet=0.0809137; disk__size_delta=0.0709907; memory__total_processes=0.0621809; disk__path_len=0.0590599; memory__path_entropy=0.0443755; memory__n_created_dll=0.0399792; disk__parent_is_i386=0.0394902; network__n_public_service_domains=0.0381272; memory__path_len=0.0378487,0.9545454545454545,0.9419480519480521,0.9745405884735782
Fused pseudo sensitivity,202,0,2,Akira,Black Suit,False,LIME,disk__parent_is_dotnet=0.0252959; memory__total_processes=0.0233833; disk__parent_size=0.0138924; network__n_public_service_domains=0.0133074; disk__parent_is_i386=0.0114309; memory__n_created_dll=0.0097095; disk__size_delta=0.00906923; network__n_unique_tlds=0.00789826; network__domains_per_conn=0.00530873; disk__parent_sections=0.00508498,0.6326173826173827,0.603578473662304,0.3951429063093236
Fused pseudo sensitivity,202,0,2,Akira,Black Suit,False,SRC,disk__size_delta=0.0570831; disk__path_len=0.0280093; disk__parent_size=0.0104935; network__domains_per_conn=0.0104719; memory__path_len=0.00883565; memory__path_entropy=0.0065889; network__mean_domain_entropy=0.00621026; disk__parent_is_dotnet=0.00548032; memory__n_created_tmp=0.00435255; disk__parent_is_gui=0.00422341,0.42838827838827837,0.25103896103896106,0.7960094547024203
Fused pseudo sensitivity,203,4,4,Kovter,Kovter,True,SHAP,disk__size_delta=0.161947; disk__parent_size=0.114918; memory__total_processes=0.0782785; disk__parent_is_i386=0.0649693; disk__parent_is_dotnet=0.0371127; disk__parent_sections=0.0355736; network__domains_per_conn=0.0260643; disk__path_len=0.0166241; memory__n_created_tmp=0.0164795; network__n_public_ips=0.0158163,0.7651515151515151,0.9001298701298701,0.9870467151252905
Fused pseudo sensitivity,203,4,4,Kovter,Kovter,True,LIME,memory__total_processes=0.0560093; disk__parent_is_i386=0.0409726; disk__parent_is_dotnet=0.0262277; memory__n_created_dll=0.0261614; network__n_unique_ips=0.0204955; disk__size_delta=0.0196098; disk__parent_size=0.0195648; disk__parent_sections=0.0170384; disk__path_len=0.0170269; network__n_public_ips=0.0162856,0.7568764568764568,0.6048051948051948,0.6868713180918012
Fused pseudo sensitivity,203,4,4,Kovter,Kovter,True,SRC,network__domains_per_conn=0.183684; disk__parent_sections=0.137941; memory__path_len=0.121376; disk__size_delta=0.118846; memory__n_created_tmp=0.105617; network__mean_domain_entropy=0.10458; disk__parent_is_i386=0.0959668; disk__path_len=0.070737; disk__parent_is_dotnet=0.0703266; memory__modules_count=0.0589925,0.7811188811188811,0.8851948051948051,0.978526474444059
Fused pseudo sensitivity,204,16,16,redline,redline,True,SHAP,memory__total_processes=0.190655; memory__n_created_dll=0.118625; disk__size_delta=0.0774637; disk__parent_size=0.0735134; disk__path_len=0.0717206; network__n_unique_ips=0.0388221; network__n_public_ips=0.0383288; disk__parent_sections=0.0382591; disk__parent_is_dotnet=0.0276052; disk__parent_is_i386=0.0270945,0.7192141192141193,0.832012987012987,0.9734531382677503
Fused pseudo sensitivity,204,16,16,redline,redline,True,LIME,memory__total_processes=0.246469; memory__n_created_dll=0.0924775; network__n_public_ips=0.0375142; disk__parent_size=0.0300686; memory__modules_count=0.0287527; network__n_unique_ips=0.0274578; disk__parent_is_i386=0.0246866; network__domains_per_conn=0.02028; memory__n_created_tmp=0.0201591; disk__parent_sections=0.0195445,0.5604395604395603,0.5795454545454546,0.8456580990968655
Fused pseudo sensitivity,204,16,16,redline,redline,True,SRC,disk__parent_size=0.130657; disk__parent_is_dotnet=0.0879379; network__domains_per_conn=0.0799428; network__mean_domain_entropy=0.0797083; disk__path_len=0.0749136; memory__n_registry_hklm=0.0519301; network__n_unique_tlds=0.0468095; memory__total_processes=0.0446249; network__n_public_service_domains=0.0425198; disk__parent_sections=0.0415156,0.5613927738927739,0.42266233766233763,0.829230578072146
Fused pseudo sensitivity,205,4,4,Kovter,Kovter,True,SHAP,disk__parent_is_i386=0.0845469; memory__total_processes=0.0742196; disk__parent_sections=0.0483073; disk__parent_is_dotnet=0.0403358; network__n_public_ips=0.0390967; network__n_unique_ips=0.0378822; disk__parent_size=0.0364086; memory__n_created_tmp=0.036373; memory__n_registry_hklm=0.0355252; memory__n_created_dll=0.0304438,0.9636363636363635,0.9242857142857144,0.9699985255852441
Fused pseudo sensitivity,205,4,4,Kovter,Kovter,True,LIME,memory__total_processes=0.0603473; disk__parent_is_i386=0.0470267; disk__parent_is_dotnet=0.031979; memory__n_created_dll=0.0245255; memory__n_registry_hklm=0.0219299; network__n_unique_ips=0.0195601; disk__parent_size=0.0193354; network__n_public_ips=0.0188321; disk__parent_sections=0.0124071; network__n_public_service_domains=0.00820865,0.6401931401931401,0.5991558441558442,0.7748709958068798
Fused pseudo sensitivity,205,4,4,Kovter,Kovter,True,SRC,network__mean_domain_entropy=0.224273; network__avg_domain_len=0.168728; network__domains_per_conn=0.127925; disk__size_delta=0.11394; disk__parent_size=0.0926326; memory__total_processes=0.047537; memory__n_registry_hklm=0.0348354; memory__path_entropy=0.0342391; disk__path_len=0.028286; disk__parent_sections=0.0268738,0.7298201798201798,0.7866233766233767,0.978480868004624
