fusion_id,target,disk__parent_size,disk__parent_is_dotnet,disk__parent_is_i386,disk__parent_sections,disk__size_delta,disk__path_len,disk__parent_is_gui,memory__total_processes,memory__n_registry_hklm,memory__path_len,memory__modules_count,memory__path_entropy,memory__n_created_dll,memory__n_created_tmp,network__avg_domain_len,network__mean_domain_entropy,network__n_public_service_domains,network__n_unique_tlds,network__n_public_ips,network__n_unique_ips,network__domains_per_conn,pair_idx
Akira__0,Akira,35601064,0,0,5,-35484296,145,1,6,113,33,127,4.33197669498491,175,26,0.0,0.0,0,0,1,1,0.0,0
Akira__1,Akira,5066240,1,1,3,-4644864,0,1,64,174,19,178,3.721611723969901,158,159,13.0,2.884291182710029,1,2,1,1,2.0,1
Akira__2,Akira,5082624,1,1,3,-2125312,0,1,5,160,14,0,3.467720100474499,159,5,0.0,0.0,0,0,1,1,0.0,2
Akira__3,Akira,3265536,1,1,3,0,33,1,64,167,13,91,3.546593564294939,170,90,0.0,0.0,0,0,1,1,0.0,3
Akira__4,Akira,5082624,1,1,3,-2588160,0,1,64,167,13,91,3.546593564294939,170,90,14.94736842105263,3.121659893103097,1,6,14,14,1.266666666666667,4
Akira__5,Akira,5097472,1,1,3,-1450208,0,1,1,176,24,112,3.720175521464345,132,3,14.5,3.200993416679644,1,1,2,2,1.0,5
Akira__6,Akira,5082624,1,1,3,-1440277,0,1,64,254,19,218,3.721611723969901,41,205,11.0,3.03828552873857,0,2,8,8,1.125,6
Akira__7,Akira,5097472,1,1,3,-1260256,0,1,64,199,19,137,3.721611723969901,200,114,0.0,0.0,0,0,1,1,0.0,7
Akira__8,Akira,5097472,1,1,3,-5049344,56,1,64,218,19,129,3.721611723969901,195,162,0.0,0.0,0,0,1,1,0.0,8
Akira__9,Akira,5097472,1,1,3,-3935744,0,1,64,231,19,190,3.721611723969901,146,179,16.5,3.391320965530694,0,2,1,1,1.0,9
Akira__10,Akira,5052928,1,1,3,-4631552,27,1,4,262,33,123,3.945464952495108,118,4,0.0,0.0,0,0,1,1,0.0,10
Akira__11,Akira,5079040,1,1,3,-4900864,24,1,1,90,71,41,3.971420142813165,198,6,0.0,0.0,0,0,1,1,0.0,11
Akira__12,Akira,5086208,1,1,3,-3042816,25,1,64,224,19,162,3.721611723969901,197,171,0.0,0.0,0,0,1,1,0.0,12
Akira__13,Akira,35601064,0,0,5,-35444000,88,1,64,152,19,128,3.721611723969901,69,83,9.0,2.419381945646371,0,1,1,1,1.0,13
Akira__14,Akira,5056000,1,1,3,-3828224,28,1,64,157,13,95,3.546593564294939,161,97,20.5,3.401563942224507,8,3,9,9,0.8333333333333334,14
Akira__15,Akira,5037568,1,1,3,-4859392,24,1,64,224,13,146,3.546593564294939,166,146,0.0,0.0,0,0,1,1,0.0,15
Akira__16,Akira,5082624,1,1,3,-3042816,0,1,1,164,71,1,3.919852486864396,159,5,0.0,0.0,0,0,1,1,0.0,16
Akira__17,Akira,5056000,1,1,3,-5029888,22,1,25,112,75,180,4.116556818163727,125,228,11.7,3.073671698231166,0,2,7,7,1.428571428571429,17
Akira__18,Akira,5099520,1,1,3,-4678144,26,1,64,246,19,224,3.721611723969901,65,149,13.0,3.238901256602631,0,1,1,1,1.0,18
Akira__19,Akira,5047808,1,1,3,-4869632,24,1,64,224,13,146,3.546593564294939,166,146,0.0,0.0,0,0,1,1,0.0,19
Akira__20,Akira,5056000,1,1,3,-4340224,0,1,4,303,71,9,4.0880880146463,89,1,0.0,0.0,0,0,1,1,0.0,20
Akira__21,Akira,5086208,1,1,3,-4664832,0,1,58,215,26,251,4.023145853739677,14,239,0.0,0.0,0,0,1,1,0.0,21
Akira__22,Akira,5052928,1,1,3,-4933120,23,1,64,263,19,224,3.721611723969901,131,214,0.0,0.0,0,0,1,1,0.0,22
Akira__23,Akira,5086208,1,1,3,140288,0,1,3,249,27,45,3.958229168669878,53,0,16.0,3.532888069233635,0,2,2,2,1.0,23
Akira__24,Akira,35601064,0,0,5,-34952136,141,1,64,224,19,152,3.721611723969901,196,157,18.5,3.222260974127327,2,5,14,14,0.8571428571428571,24
Akira__25,Akira,5097472,1,1,3,-3935744,30,1,32,202,37,75,4.117389258694716,178,139,16.0,3.155639062229566,0,1,0,0,0.0,25
AsyncRAT__0,AsyncRAT,10301328,0,0,7,-5054352,30,1,6,203,16,77,3.202819531114783,111,19,10.0,2.921928094887362,0,1,2,2,0.5,0
AsyncRAT__1,AsyncRAT,46592,1,1,3,0,26,1,1,177,71,74,3.89505657437287,87,4,16.0,3.274994757373621,0,1,2,2,0.6666666666666666,1
AsyncRAT__2,AsyncRAT,47104,1,1,3,0,25,1,1,199,15,56,3.240223928941852,66,12,17.09090909090909,3.105780440930352,0,1,6,6,1.222222222222222,2
AsyncRAT__3,AsyncRAT,10301328,0,0,7,-5054352,30,1,4,0,12,35,2.584962500721156,46,13,20.0,3.103701696057349,0,1,1,1,1.0,3
AsyncRAT__4,AsyncRAT,765952,1,1,3,-5632,26,1,1,201,71,56,4.058512444644752,66,4,14.33333333333333,3.215261589916059,0,2,0,0,0.0,4
AsyncRAT__5,AsyncRAT,65536,1,1,3,0,28,1,12,325,22,181,3.663532754804255,161,16,17.0,3.595628907914056,0,2,5,5,0.3333333333333333,5
AsyncRAT__6,AsyncRAT,47104,1,1,3,0,23,1,6,211,19,57,3.721611723969901,100,12,15.0,3.267951965755799,0,1,5,5,0.4285714285714285,6
AsyncRAT__7,AsyncRAT,46592,1,1,3,0,21,1,12,325,71,181,4.089594220637998,161,16,10.0,2.921928094887362,0,1,2,2,0.5,7
AsyncRAT__8,AsyncRAT,10301328,0,0,7,-10155120,26,1,8,99,18,150,3.572431251322119,82,11,10.0,2.446439344671016,0,1,2,2,0.5,8
AsyncRAT__9,AsyncRAT,34816,1,1,3,0,18,1,6,162,28,51,3.780394654123195,91,10,9.25,2.371285563095932,0,1,2,2,1.0,9
AsyncRAT__10,AsyncRAT,46592,1,1,3,0,25,1,2,223,18,92,3.683542362433231,118,8,14.0,3.664497779200461,0,1,0,0,0.0,10
AsyncRAT__11,AsyncRAT,46080,1,1,3,0,28,1,13,165,20,25,4.121928094887362,9,422,14.0,3.093490645655588,0,1,4,4,0.2857142857142857,11
AsyncRAT__12,AsyncRAT,114688,1,1,3,0,33,1,12,325,22,181,3.663532754804255,161,16,15.0,3.189898095464287,0,1,1,1,1.0,12
AsyncRAT__13,AsyncRAT,10301328,0,0,7,-10118032,27,1,8,99,18,150,3.572431251322119,82,11,16.33333333333333,3.083560010590452,0,2,7,7,0.5,13
AsyncRAT__14,AsyncRAT,10301328,0,0,7,-10141240,26,1,13,165,20,25,4.121928094887362,9,422,13.14285714285714,3.115721314093565,0,2,1,1,1.0,14
AsyncRAT__15,AsyncRAT,10301328,0,0,7,-10118032,27,1,6,210,28,77,3.851823225551766,112,17,0.0,0.0,0,0,1,1,0.0,15
AsyncRAT__16,AsyncRAT,46592,1,1,3,0,20,1,13,165,20,25,4.121928094887362,9,422,10.0,2.446439344671016,0,1,2,2,0.5,16
AsyncRAT__17,AsyncRAT,10301328,0,0,7,-5069856,32,1,12,325,22,181,3.663532754804255,161,16,20.0,3.721928094887363,0,1,1,1,1.0,17
AsyncRAT__18,AsyncRAT,114688,1,1,3,0,33,1,1,202,71,120,4.042481854892275,63,19,0.0,0.0,0,0,1,1,0.0,18
AsyncRAT__19,AsyncRAT,46592,1,1,3,0,25,1,6,162,71,51,4.014804867622405,91,10,27.0,3.39359537245371,0,1,0,0,0.0,19
AsyncRAT__20,AsyncRAT,47104,1,1,3,0,23,1,1,199,15,56,3.240223928941852,66,12,13.66666666666667,3.111186640658091,0,1,1,1,1.0,20
AsyncRAT__21,AsyncRAT,10301328,0,0,7,-10141240,26,1,8,99,18,150,3.572431251322119,82,11,15.4,3.293957522597068,0,1,2,2,1.25,21
AsyncRAT__22,AsyncRAT,765952,1,1,3,-5632,26,1,6,218,25,87,3.653660689688186,97,19,17.25,3.555246264650469,0,1,2,2,1.0,22
AsyncRAT__23,AsyncRAT,46592,1,1,3,0,24,1,8,99,18,150,3.572431251322119,82,11,10.0,2.921928094887362,0,1,1,1,1.0,23
AsyncRAT__24,AsyncRAT,46592,1,1,3,0,21,1,1,294,71,122,4.001585064645226,125,7,17.0,3.057476076289931,0,1,1,1,1.0,24
AsyncRAT__25,AsyncRAT,765952,1,1,3,0,45,1,1,174,13,74,2.931208948910323,87,4,24.0,3.240601562950722,0,1,1,1,1.0,25
AsyncRAT__26,AsyncRAT,10301328,0,0,7,-10155120,26,1,12,325,22,181,3.663532754804255,161,16,10.0,2.921928094887362,0,1,2,2,0.5,26
AsyncRAT__27,AsyncRAT,765952,1,1,3,0,45,1,6,211,26,57,3.59448250651942,100,12,14.0,2.950212064914747,0,1,2,2,0.5,27
AsyncRAT__28,AsyncRAT,66048,1,1,3,0,30,1,6,203,23,77,3.708132064658601,111,19,15.4,3.304022689292581,0,1,2,2,1.666666666666667,28
AsyncRAT__29,AsyncRAT,46592,1,1,3,0,24,1,8,99,18,150,3.572431251322119,82,11,14.5,3.132169473058333,0,1,2,2,1.0,29
AsyncRAT__30,AsyncRAT,46080,1,1,3,0,28,1,6,216,25,78,3.319079570624175,115,19,24.0,3.823934896284056,0,1,1,1,1.0,30
AsyncRAT__31,AsyncRAT,65536,1,1,3,0,28,1,8,99,71,150,4.001742582409456,82,11,0.0,0.0,0,0,1,1,0.0,31
AsyncRAT__32,AsyncRAT,46592,1,1,3,0,20,1,6,208,14,101,3.182005814760213,105,23,16.25,3.394888349423406,0,1,2,2,1.0,32
AsyncRAT__33,AsyncRAT,34816,1,1,3,0,18,1,6,162,28,51,3.780394654123195,91,10,17.5,3.311847576180454,0,1,2,2,0.2857142857142857,33
AsyncRAT__34,AsyncRAT,47104,1,1,3,0,25,1,12,325,22,181,3.663532754804255,161,16,13.0,2.873140679513133,0,1,1,1,1.0,34
AsyncRAT__35,AsyncRAT,10301328,0,0,7,-5069856,32,1,1,202,71,120,4.042481854892275,63,19,24.0,3.240601562950722,0,1,1,1,1.0,35
AsyncRAT__36,AsyncRAT,46592,1,1,3,0,26,1,6,216,18,78,3.503258334775646,115,19,15.0,3.267951965755799,0,1,5,5,0.375,36
Black Suit__0,Black Suit,5037568,1,1,3,-4189696,19,1,64,225,19,174,3.721611723969901,98,217,0.0,0.0,0,0,1,1,0.0,0
Black Suit__1,Black Suit,5097472,1,1,3,-4368896,56,1,4,303,71,9,4.0880880146463,89,1,0.0,0.0,0,0,1,1,0.0,1
Black Suit__2,Black Suit,5099520,1,1,3,-3042816,25,1,5,262,27,171,3.958229168669878,147,11,14.5,3.243204162252436,2,2,2,2,1.0,2
Black Suit__3,Black Suit,5066240,1,1,3,-4218368,19,1,32,202,37,75,4.117389258694716,178,139,14.94736842105263,3.121659893103097,1,6,14,14,1.266666666666667,3
Black Suit__4,Black Suit,5082624,1,1,3,143872,0,1,64,224,13,146,3.546593564294939,166,146,0.0,0.0,0,0,1,1,0.0,4
Black Suit__5,Black Suit,5082624,1,1,3,-4904448,24,1,64,167,13,91,3.546593564294939,170,90,20.5,3.401563942224507,8,3,9,9,0.8333333333333334,5
Black Suit__6,Black Suit,5082624,1,1,3,-4366848,0,1,64,157,13,95,3.546593564294939,161,97,13.0,3.238901256602631,0,1,1,1,1.0,6
Black Suit__7,Black Suit,5069312,1,1,3,-4891136,24,1,1,176,24,112,3.720175521464345,132,3,16.0,3.125,0,1,1,1,1.0,7
Black Suit__8,Black Suit,5056000,1,1,3,-4936192,23,1,1,114,15,13,3.456564762130954,84,22,0.0,0.0,0,0,1,1,0.0,8
Black Suit__9,Black Suit,5056000,1,1,3,-2395136,33,1,64,174,19,178,3.721611723969901,158,159,0.0,0.0,0,0,1,1,0.0,9
Black Suit__10,Black Suit,5080064,1,1,3,-5053952,22,1,64,224,13,146,3.546593564294939,166,146,0.0,0.0,0,0,1,1,0.0,10
Black Suit__11,Black Suit,5056000,1,1,3,-4829696,56,1,64,167,13,91,3.546593564294939,170,90,0.0,0.0,0,0,1,1,0.0,11
Black Suit__12,Black Suit,5045760,1,1,3,-4624384,20,1,3,165,30,114,3.893344863722962,176,46,9.0,2.419381945646371,0,1,1,1,1.0,12
Black Suit__13,Black Suit,5097472,1,1,3,-4871168,56,1,64,231,19,190,3.721611723969901,146,179,0.0,0.0,0,0,1,1,0.0,13
Black Suit__14,Black Suit,35601064,0,0,5,-35554544,127,1,1,164,71,1,3.919852486864396,159,5,0.0,0.0,0,0,1,1,0.0,14
Black Suit__15,Black Suit,5066240,1,1,3,-4644864,20,1,5,262,23,171,3.931838457168456,147,11,16.0,3.155639062229566,0,1,0,0,0.0,15
Black Suit__16,Black Suit,5082624,1,1,3,143872,0,1,64,268,19,186,3.721611723969901,194,159,0.0,0.0,0,0,1,1,0.0,16
Black Suit__17,Black Suit,5086720,1,1,3,-4665344,27,1,64,152,19,128,3.721611723969901,69,83,11.66666666666667,3.066987037998578,1,3,7,7,0.375,17
Black Suit__18,Black Suit,5097472,1,1,3,-3042816,25,1,4,167,71,158,4.073463980810863,203,31,16.5,3.391320965530694,0,2,1,1,1.0,18
Black Suit__19,Black Suit,35601064,0,0,5,-35039984,129,1,4,219,20,81,3.308694969562842,121,55,11.7,3.073671698231166,0,2,7,7,1.428571428571429,19
Black Suit__20,Black Suit,5086720,1,1,3,-4238848,19,1,5,262,27,171,3.958229168669878,147,11,14.5,3.200993416679644,1,1,2,2,1.0,20
Black Suit__21,Black Suit,35601064,0,0,5,-35509488,129,1,64,254,19,218,3.721611723969901,41,205,11.0,3.03828552873857,0,2,8,8,1.125,21
Black Suit__22,Black Suit,35601064,0,0,5,-35526896,127,1,3,248,27,51,3.633974075997157,94,28,16.0,3.291370390874742,1,3,3,3,1.0,22
Black Suit__23,Black Suit,35601064,0,0,5,-35336840,139,1,2,88,71,41,4.055701657869454,72,23,0.0,0.0,0,0,1,1,0.0,23
Black Suit__24,Black Suit,5097472,1,1,3,-4676096,20,1,4,262,12,123,3.41829583405449,118,4,18.5,3.222260974127327,2,5,14,14,0.8571428571428571,24
Black Suit__25,Black Suit,5097472,1,1,3,-4676096,26,1,1,250,71,9,3.939974542186639,0,1,16.0,3.532888069233635,0,2,2,2,1.0,25
Black Suit__26,Black Suit,5082624,1,1,3,-2607616,0,1,64,231,19,190,3.721611723969901,146,179,0.0,0.0,0,0,1,1,0.0,26
Black Suit__27,Black Suit,5069312,1,1,3,-4647936,20,1,4,100,16,26,3.75,27,1,18.33333333333333,3.459495127218937,1,1,3,3,1.0,27
Black Suit__28,Black Suit,35601064,0,0,5,-35533040,127,1,1,291,49,1,4.221226682125536,11,5,0.0,0.0,0,0,1,1,0.0,28
Black Suit__29,Black Suit,5091328,1,1,3,-3042816,32,1,64,254,19,218,3.721611723969901,41,205,13.0,2.884291182710029,1,2,1,1,2.0,29
Black Suit__30,Black Suit,5104640,1,1,3,-4984832,23,1,64,152,19,128,3.721611723969901,69,83,0.0,0.0,0,0,1,1,0.0,30
CoinMiner__0,CoinMiner,24679936,0,1,4,-22821032,30,1,9,288,11,212,3.027169118440618,172,43,0.0,0.0,0,0,1,1,0.0,0
CoinMiner__1,CoinMiner,24679936,0,1,4,-24049200,24,1,1,185,71,12,4.056516536897199,38,0,15.28571428571429,3.040582571029018,1,5,6,6,1.166666666666667,1
CoinMiner__2,CoinMiner,94997504,0,1,4,-94493184,35,1,2,248,71,20,4.041567325789871,52,2,40.0,3.939822782008755,0,1,0,0,0.0,2
CoinMiner__3,CoinMiner,33644544,0,0,0,-28397568,45,0,1,26,12,19,3.251629167387823,37,1,28.0,3.593257250338813,0,2,0,0,0.0,3
CoinMiner__4,CoinMiner,7976896,0,0,11,-7880128,0,1,16,173,26,914,3.690260390968384,98,654,11.0,3.095795255000934,0,1,1,1,1.0,4
CoinMiner__5,CoinMiner,24679936,0,1,4,-24657048,51,1,1,24,14,0,3.378783493486175,26,0,10.0,3.321928094887363,0,1,1,1,1.0,5
CoinMiner__6,CoinMiner,3473984,0,0,11,148464,0,1,4,227,11,10,3.027169118440618,110,22,16.0,3.291113773457738,1,2,2,2,1.5,6
CoinMiner__7,CoinMiner,20494916,0,1,6,-20225604,34,1,1,36,11,0,3.027169118440618,15,3,0.0,0.0,0,0,2,2,0.0,7
CoinMiner__8,CoinMiner,11186455,0,0,7,-11165271,56,1,22,134,71,2,3.90448854366521,79,94,21.0,3.784941827437643,0,1,1,1,1.0,8
CoinMiner__9,CoinMiner,24679936,0,1,4,-24657040,51,1,3,50,71,5,4.044152585367938,30,0,0.0,0.0,0,0,1,1,0.0,9
CoinMiner__10,CoinMiner,24679936,0,1,4,-24657040,54,1,2,138,71,84,4.009689891097063,16,524,16.0,3.327819531114783,0,1,0,0,0.0,10
CoinMiner__11,CoinMiner,11186455,0,0,7,-11165783,53,1,9,66,11,48,3.095795255000934,150,324,28.0,3.593257250338813,0,2,0,0,0.0,11
CoinMiner__12,CoinMiner,5384208,0,0,17,-137232,35,1,16,173,26,914,3.690260390968384,98,654,10.0,3.321928094887363,1,1,2,2,0.5,12
CoinMiner__13,CoinMiner,9062400,0,0,14,-5484544,0,1,11,122,71,5,4.090183572468511,57,7,12.0,3.584962500721156,1,1,1,1,1.0,13
CoinMiner__14,CoinMiner,14179435,0,0,7,-8947027,32,1,4,227,11,10,3.027169118440618,110,22,22.0,3.641249800455479,0,1,0,0,0.0,14
CoinMiner__15,CoinMiner,24679936,0,1,4,-24627880,25,1,3,35,11,0,3.027169118440618,15,1,44.75,4.253990539298419,4,1,3,3,1.333333333333333,15
CoinMiner__16,CoinMiner,1964032,1,1,3,-16384,0,1,1,0,71,0,3.966777972774277,0,0,0.0,0.0,0,0,1,1,0.0,16
CoinMiner__17,CoinMiner,8386496,0,0,11,-3139520,88,1,41,147,88,12,4.778597493657355,42,0,20.5,3.345222893487977,0,2,2271,2271,6.420236585718184e-05,17
CoinMiner__18,CoinMiner,94997504,0,1,4,-94982656,25,1,3,35,16,0,3.327819531114783,15,0,18.0,3.350209029099897,0,1,1,1,1.0,18
CoinMiner__19,CoinMiner,33619968,0,0,0,-28372992,58,0,18,99,71,6,4.043888410809315,3,62,16.0,3.327819531114783,0,1,0,0,0.0,19
CoinMiner__20,CoinMiner,11445857,0,0,7,-11362121,27,1,1,35,14,0,3.467720100474499,15,0,24.33333333333333,3.491600052286467,0,6,0,0,0.0,20
CoinMiner__21,CoinMiner,14318343,0,0,7,-14158255,26,1,1,2,71,0,4.018304656302875,0,0,19.0,3.484534665785131,0,1,0,0,0.0,21
CoinMiner__22,CoinMiner,11186455,0,0,7,-11167319,54,1,5,201,71,39,4.042118030258995,71,6,34.0,3.90320806164768,0,1,1,1,1.0,22
CoinMiner__23,CoinMiner,24679936,0,1,4,-19432960,19,1,3,263,71,8,4.067738107068043,62,56,22.0,3.641249800455479,0,1,0,0,0.0,23
Kovter__0,Kovter,88780752,0,0,7,-88679888,31,1,6,52,29,14,3.853863219997788,65,118,0.0,0.0,0,0,8,8,0.0,0
Kovter__1,Kovter,88780752,0,0,7,-88481744,35,1,2,19,71,13,4.014902192638281,0,6,14.0,3.038501356260999,0,2,7,7,0.7142857142857143,1
Kovter__2,Kovter,774656,0,0,0,4472320,66,1,7,177,71,95,4.075559538633074,3,8,18.0,3.176925829788305,0,1,2,2,1.5,2
Kovter__3,Kovter,10467683,0,0,7,-9456091,29,1,25,199,22,68,3.913977073182752,43,382,0.0,0.0,0,0,7,7,0.0,3
Kovter__4,Kovter,88780752,0,0,7,-88770000,42,1,51,79,71,81,3.98545482481809,145,293,4.0,2.0,0,1,2,2,0.5,4
Kovter__5,Kovter,116650,0,0,0,0,0,1,4,2,47,24,4.120885064757336,26,16,0.0,0.0,0,0,7,7,0.0,5
Kovter__6,Kovter,88780752,0,0,7,-88770000,36,1,4,0,47,8,4.001531012109744,16,0,12.2,3.057301357509024,1,2,6,6,0.8333333333333334,6
Kovter__7,Kovter,116655,0,0,0,0,0,1,3,64,13,198,3.392747410448785,199,42,0.0,0.0,0,0,2,2,0.0,7
Kovter__8,Kovter,88780752,0,0,7,-88769488,41,1,2,161,15,4,3.323231428797621,67,7,0.0,0.0,0,0,9,9,0.0,8
Kovter__9,Kovter,88780752,0,0,7,-87273440,0,1,3,2,18,20,3.419381945646371,34,19,0.0,0.0,0,0,8,8,0.0,9
Kovter__10,Kovter,88780752,0,0,7,-88720848,30,1,2,161,71,49,4.055602007794795,93,14,0.0,0.0,0,0,8,8,0.0,10
Kovter__11,Kovter,88780752,0,0,7,-88766416,39,1,7,177,120,95,4.368071376414639,3,8,4.0,2.0,0,1,2,2,0.5,11
Kovter__12,Kovter,88780752,0,0,7,-88770000,42,1,2,25,20,11,3.584183719779189,18,12,0.0,0.0,0,0,1,1,0.0,12
Kovter__13,Kovter,88780752,0,0,7,-88594896,29,1,4,3,10,445,3.121928094887362,232,62,0.0,0.0,0,0,8,8,0.0,13
Kovter__14,Kovter,9617408,0,0,0,-9404416,30,0,4,2,31,24,4.026619294188054,26,16,0.0,0.0,0,0,8,8,0.0,14
Kovter__15,Kovter,774656,0,0,0,0,120,1,4,36,47,27,3.963227415093143,22,2,0.0,0.0,0,0,2,2,0.0,15
Kovter__16,Kovter,11631616,0,0,0,-11588984,47,1,4,37,47,150,4.033653884542233,130,74,0.0,0.0,0,0,5,5,0.0,16
Kovter__17,Kovter,503808,0,0,0,0,0,1,4,64,47,372,4.025348362721739,114,27,0.0,0.0,0,0,8,8,0.0,17
Kovter__18,Kovter,189952,0,0,0,0,0,1,3,187,14,179,3.378783493486175,70,281,14.0,3.144657737649672,0,4,5,5,1.0,18
Kovter__19,Kovter,10467683,0,0,7,-5220707,43,1,4,3,32,445,4.093139062229566,232,62,0.0,0.0,0,0,6,6,0.0,19
Kovter__20,Kovter,17736192,0,0,4,-14221824,78,1,4,54,31,308,4.026619294188054,154,36,0.0,0.0,0,0,1,1,0.0,20
Kovter__21,Kovter,11631616,0,0,0,-6384640,21,1,4,36,33,20,4.006071013101169,17,4,4.0,2.0,0,1,3,3,0.3333333333333333,21
Kovter__22,Kovter,93184,0,0,0,339968,0,0,2,224,42,137,4.136863709607319,19,4,0.0,0.0,0,0,13,13,0.0,22
Kovter__23,Kovter,88780752,0,0,7,-88770512,42,1,25,199,75,68,4.280085651583599,43,382,0.0,0.0,0,0,9,9,0.0,23
Kovter__24,Kovter,88780752,0,0,7,-88764880,42,1,4,54,31,128,4.026619294188054,30,19,12.5,3.047677883136046,1,2,5,5,0.8,24
Kovter__25,Kovter,88780752,0,0,7,-88768976,39,1,4,70,47,236,3.898238395678397,74,20,0.0,0.0,0,0,6,6,0.0,25
Kovter__26,Kovter,774656,0,0,0,4472320,53,1,4,70,31,236,4.026619294188054,74,20,0.0,0.0,0,0,1,1,0.0,26
Kovter__27,Kovter,88780752,0,0,7,-83533776,111,1,4,200,71,57,3.979731276134051,72,16,9.5,2.734815437053726,0,2,2,2,1.0,27
Kovter__28,Kovter,93184,0,0,0,339968,0,0,2,0,31,104,4.300497519854926,36,5,0.0,0.0,0,0,1,1,0.0,28
Kovter__29,Kovter,11631616,0,0,0,-10253680,29,1,4,218,35,23,4.286146588249911,39,29,13.75,3.000652171460176,0,2,5,5,0.8,29
Kovter__30,Kovter,353798,0,0,0,0,0,1,5,153,31,20,4.131300342505361,92,16,0.0,0.0,0,0,6,6,0.0,30
Kovter__31,Kovter,378880,0,0,0,0,0,1,4,37,31,150,4.026619294188054,130,74,0.0,0.0,0,0,7,7,0.0,31
Kovter__32,Kovter,55113,0,0,0,261815,19,0,4,2,31,24,4.026619294188054,26,16,10.5,2.917952584035057,1,1,3,3,0.6666666666666666,32
Kovter__33,Kovter,16513061,0,0,3,-11266085,27,1,2,128,48,53,4.371653522439333,113,5,16.0,3.31676237184713,0,3,16,16,0.25,33
Kovter__34,Kovter,88780752,0,0,7,-88645072,74,1,3,84,31,158,4.220167681284828,159,32,0.0,0.0,0,0,10,10,0.0,34
Kovter__35,Kovter,88780752,0,0,7,-83533776,37,1,4,64,31,372,4.026619294188054,114,27,13.0,2.950089889410115,0,2,6,6,0.6666666666666666,35
Kovter__36,Kovter,88780752,0,0,7,-88726992,0,1,4,3,32,445,4.093139062229566,232,62,0.0,0.0,0,0,7,7,0.0,36
Kovter__37,Kovter,393216,0,0,0,0,0,1,2,161,52,49,4.406512554388318,93,14,15.0,3.446616667628208,2,1,2,2,1.0,37
Kovter__38,Kovter,88780752,0,0,7,-88581584,49,1,4,3,10,445,3.121928094887362,232,62,4.0,2.0,0,1,2,2,0.5,38
Kovter__39,Kovter,93184,0,0,0,339968,28,0,2,12,11,118,3.027169118440618,18,2,0.0,0.0,0,0,9,9,0.0,39
Kovter__40,Kovter,88780752,0,0,7,-83533776,66,1,4,36,47,20,4.102698831304711,17,4,14.8,3.214246244772073,0,4,3,3,1.666666666666667,40
Kovter__41,Kovter,93184,0,0,0,339968,28,0,2,85,36,103,4.273684376262023,87,19,0.0,0.0,0,0,1,1,0.0,41
Kovter__42,Kovter,88780752,0,0,7,-88660944,32,1,4,125,33,66,4.006071013101169,57,15,24.0,3.438721875540867,0,1,12,12,0.08333333333333333,42
Kovter__43,Kovter,1163264,0,0,0,-950272,30,0,4,218,71,23,4.03302834021297,39,29,18.0,3.176925829788305,0,1,2,2,1.5,43
Kovter__44,Kovter,88780752,0,0,7,-88765392,39,1,4,36,33,20,4.006071013101169,17,4,0.0,0.0,0,0,7,7,0.0,44
Kovter__45,Kovter,774656,0,0,0,4472320,59,1,4,54,47,128,3.98759437312988,30,19,10.0,3.321928094887363,1,1,1,1,1.0,45
Kovter__46,Kovter,774656,0,0,0,133454,120,1,3,2,18,20,3.419381945646371,34,19,0.0,0.0,0,0,8,8,0.0,46
Kovter__47,Kovter,88780752,0,0,7,-88770000,47,1,4,49,31,112,4.026619294188054,202,38,15.25,3.321361714267464,0,3,7,7,0.5714285714285714,47
Kovter__48,Kovter,88780752,0,0,7,-83533776,98,1,4,64,47,372,4.025348362721739,114,27,0.0,0.0,0,0,12,12,0.0,48
Kovter__49,Kovter,88780752,0,0,7,-88145632,0,1,1,21,71,39,4.033845544299497,0,1,0.0,0.0,0,0,6,6,0.0,49
Kovter__50,Kovter,9617408,0,0,0,-9404416,30,0,4,0,33,8,4.006071013101169,16,0,0.0,0.0,0,0,8,8,0.0,50
Kovter__51,Kovter,88780752,0,0,7,-88763856,28,1,4,54,31,128,4.026619294188054,30,19,4.0,2.0,0,1,2,2,0.5,51
Kovter__52,Kovter,88780752,0,0,7,-88761808,39,1,5,153,47,20,3.882176959462153,92,16,0.0,0.0,0,0,2,2,0.0,52
Kovter__53,Kovter,2949120,0,0,0,-1901904,18,0,5,153,31,20,4.131300342505361,92,16,0.0,0.0,0,0,4,4,0.0,53
Kovter__54,Kovter,88780752,0,0,7,-88583632,29,1,1,260,71,159,3.986961030809788,68,17,0.0,0.0,0,0,6,6,0.0,54
Kovter__55,Kovter,88780752,0,0,7,-88765392,39,1,2,61,54,51,4.47412343811291,38,12,0.0,0.0,0,0,1,1,0.0,55
Kovter__56,Kovter,2949120,0,0,0,-2851576,92,0,1,15,71,7,4.093222211499826,22,6,4.0,2.0,0,1,2,2,0.5,56
Kovter__57,Kovter,16513061,0,0,3,-11266085,30,1,2,55,43,144,4.03383910398286,108,15,39.0,3.982096541341468,0,1,0,0,0.0,57
Kovter__58,Kovter,88780752,0,0,7,-88631760,79,1,7,177,71,95,4.075559538633074,3,8,0.0,0.0,0,0,7,7,0.0,58
Kovter__59,Kovter,502272,0,0,0,0,0,1,3,64,35,198,4.318867931899244,199,42,0.0,0.0,0,0,1,1,0.0,59
Kovter__60,Kovter,774656,0,0,0,-170258,140,1,4,38,31,152,4.026619294188054,77,25,12.0,2.905764584655453,1,3,3,3,1.0,60
Kovter__61,Kovter,88780752,0,0,7,-88575536,30,1,4,100,49,2,4.305751364780154,0,6,0.0,0.0,0,0,6,6,0.0,61
Kovter__62,Kovter,88780752,0,0,7,-88768464,36,1,4,2,47,228,3.926305340763152,25,4,14.5,3.157421367539265,0,3,5,5,0.6666666666666666,62
Kovter__63,Kovter,88780752,0,0,7,-88165328,0,1,7,177,120,95,4.368071376414639,3,8,0.0,0.0,0,0,6,6,0.0,63
Kovter__64,Kovter,774656,0,0,0,208686,137,1,4,38,47,152,3.975039256836627,77,25,13.0,3.026986833359287,0,1,1,1,1.0,64
Kovter__65,Kovter,774656,0,0,0,124750,118,1,4,54,31,308,4.026619294188054,154,36,0.0,0.0,0,0,2,2,0.0,65
Kovter__66,Kovter,17736192,0,0,4,-16951296,28,1,4,218,71,23,4.03302834021297,39,29,0.0,0.0,0,0,13,13,0.0,66
Kovter__67,Kovter,93184,0,0,0,339968,0,0,2,25,20,11,3.584183719779189,18,12,0.0,0.0,0,0,6,6,0.0,67
Kovter__68,Kovter,17736192,0,0,4,-17183744,33,1,4,38,31,152,4.026619294188054,77,25,19.77777777777778,3.410663139154459,0,6,14,14,0.5294117647058824,68
Kovter__69,Kovter,88780752,0,0,7,-88091872,0,1,5,153,47,20,3.882176959462153,92,16,0.0,0.0,0,0,2,2,0.0,69
Kovter__70,Kovter,11631616,0,0,0,-6384640,61,1,4,37,47,150,4.033653884542233,130,74,14.55555555555556,3.228707038766079,0,6,8,8,1.0,70
Kovter__71,Kovter,88780752,0,0,7,-88769488,44,1,6,177,71,1,3.992359402221936,115,5,0.0,0.0,0,0,2,2,0.0,71
MedusaLocker__0,MedusaLocker,5063680,1,1,3,-4642304,0,1,64,224,13,146,3.546593564294939,166,146,0.0,0.0,0,0,1,1,0.0,0
MedusaLocker__1,MedusaLocker,5066240,1,1,3,-4946432,23,1,64,254,19,218,3.721611723969901,41,205,16.0,3.291370390874742,1,3,3,3,1.0,1
MedusaLocker__2,MedusaLocker,5047808,1,1,3,-5021696,22,1,1,41,29,17,4.159199529386523,45,0,0.0,0.0,0,0,1,1,0.0,2
MedusaLocker__3,MedusaLocker,5082624,1,1,3,-5056512,22,1,5,160,14,0,3.467720100474499,159,5,0.0,0.0,0,0,1,1,0.0,3
MedusaLocker__4,MedusaLocker,5063680,1,1,3,-5038592,0,1,64,263,19,224,3.721611723969901,131,214,14.5,3.243204162252436,2,2,2,2,1.0,4
MedusaLocker__5,MedusaLocker,5069312,1,1,3,-4647936,0,1,5,262,27,171,3.958229168669878,147,11,0.0,0.0,0,0,1,1,0.0,5
MedusaLocker__6,MedusaLocker,5056000,1,1,3,-1330688,30,1,1,35,13,0,3.180832987205441,34,0,0.0,0.0,0,0,1,1,0.0,6
MedusaLocker__7,MedusaLocker,5082624,1,1,3,-3920896,0,1,64,225,19,174,3.721611723969901,98,217,0.0,0.0,0,0,1,1,0.0,7
MedusaLocker__8,MedusaLocker,5082624,1,1,3,-2674688,0,1,64,265,19,217,3.721611723969901,77,226,0.0,0.0,0,0,1,1,0.0,8
MedusaLocker__9,MedusaLocker,5097472,1,1,3,-3665920,0,1,4,100,16,26,3.75,27,1,16.0,3.125,0,1,1,1,1.0,9
MedusaLocker__10,MedusaLocker,5082624,1,1,3,-176640,0,1,64,224,19,162,3.721611723969901,197,171,20.5,3.401563942224507,8,3,9,9,0.8333333333333334,10
MedusaLocker__11,MedusaLocker,3261696,1,0,2,0,17,1,32,202,37,75,4.117389258694716,178,139,16.0,3.155639062229566,0,1,0,0,0.0,11
MedusaLocker__12,MedusaLocker,5080064,1,1,3,-4654080,20,1,3,165,30,114,3.893344863722962,176,46,0.0,0.0,0,0,1,1,0.0,12
MedusaLocker__13,MedusaLocker,5097472,1,1,3,-3330048,56,1,58,215,26,251,4.023145853739677,14,239,0.0,0.0,0,0,1,1,0.0,13
MedusaLocker__14,MedusaLocker,5047808,1,1,3,-4626432,26,1,1,291,49,1,4.221226682125536,11,5,13.0,2.884291182710029,1,2,1,1,2.0,14
MedusaLocker__15,MedusaLocker,5045760,1,1,3,-4867584,24,1,64,246,19,224,3.721611723969901,65,149,14.5,3.200993416679644,1,1,2,2,1.0,15
MedusaLocker__16,MedusaLocker,5086720,1,1,3,-4665344,20,1,4,219,71,81,4.019485685022683,121,55,14.94736842105263,3.121659893103097,1,6,14,14,1.266666666666667,16
MedusaLocker__17,MedusaLocker,5097472,1,1,3,-3935744,0,1,64,152,19,128,3.721611723969901,69,83,18.5,3.222260974127327,2,5,14,14,0.8571428571428571,17
MedusaLocker__18,MedusaLocker,5052928,1,1,3,-4631552,20,1,3,262,15,107,3.456564762130954,117,40,16.0,3.532888069233635,0,2,2,2,1.0,18
MedusaLocker__19,MedusaLocker,5082624,1,1,3,-3022848,0,1,9,236,15,252,3.456564762130954,10,98,0.0,0.0,0,0,1,1,0.0,19
MedusaLocker__20,MedusaLocker,5066240,1,1,3,-5041152,0,1,1,90,71,41,3.971420142813165,198,6,11.7,3.073671698231166,0,2,7,7,1.428571428571429,20
MedusaLocker__21,MedusaLocker,5082624,1,1,3,-2588160,0,1,1,114,15,13,3.456564762130954,84,22,18.33333333333333,3.459495127218937,1,1,3,3,1.0,21
MedusaLocker__22,MedusaLocker,5097472,1,1,3,-1450208,0,1,64,262,19,192,3.721611723969901,103,202,16.5,3.391320965530694,0,2,1,1,1.0,22
MedusaLocker__23,MedusaLocker,5097472,1,1,3,-4977664,23,1,6,113,33,127,4.33197669498491,175,26,9.0,2.419381945646371,0,1,1,1,1.0,23
MedusaLocker__24,MedusaLocker,5097472,1,1,3,-4676272,56,1,64,254,19,217,3.721611723969901,102,207,0.0,0.0,0,0,1,1,0.0,24
MedusaLocker__25,MedusaLocker,5097472,1,1,3,-4451880,56,1,64,224,13,146,3.546593564294939,166,146,13.0,3.238901256602631,0,1,1,1,1.0,25
MedusaLocker__26,MedusaLocker,5079040,1,1,3,-3042816,25,1,4,303,71,9,4.0880880146463,89,1,0.0,0.0,0,0,1,1,0.0,26
MedusaLocker__27,MedusaLocker,5097472,1,1,3,-2372528,0,1,64,218,19,129,3.721611723969901,195,162,11.0,3.03828552873857,0,2,8,8,1.125,27
MedusaLocker__28,MedusaLocker,5086208,1,1,3,-4966400,23,1,64,265,19,217,3.721611723969901,77,226,0.0,0.0,0,0,1,1,0.0,28
NanoCore__0,NanoCore,1012650,0,1,5,-758186,40,1,4,33,71,148,3.964554212770709,117,128,0.0,0.0,0,0,1,1,0.0,0
NanoCore__1,NanoCore,600576,1,0,0,0,20,1,7,155,37,102,4.046762824854521,43,40,20.0,3.308694969562842,0,1,0,0,0.0,1
NanoCore__2,NanoCore,4149248,0,1,5,-1516544,28,1,1,144,71,92,3.991542198135408,128,19,17.0,3.499227547132692,0,1,1,1,1.0,2
NanoCore__3,NanoCore,485376,1,1,3,0,23,1,5,75,39,62,3.999787719184873,4,13,30.5,3.849898291707374,0,2,2,2,1.0,3
NanoCore__4,NanoCore,1012650,0,1,5,-755114,17,1,27,22,20,124,3.546439344671016,132,115,14.0,3.324862957617357,0,1,4,4,0.25,4
NanoCore__5,NanoCore,4268032,0,0,0,-4123648,35,1,4,147,71,97,4.075096063925136,115,50,18.0,3.169925001442312,0,1,1,1,1.0,5
NanoCore__6,NanoCore,16437,0,0,0,110350,0,0,27,241,36,103,4.228972140861001,90,11,0.0,0.0,0,0,1,1,0.0,6
NanoCore__7,NanoCore,4267520,0,0,0,-3622912,0,1,5,74,71,52,3.994680487241379,115,16,16.0,3.327819531114783,0,1,1,1,1.0,7
NanoCore__8,NanoCore,361984,0,0,0,-241664,17,1,4,167,71,103,3.980095100767332,117,42,23.0,4.001822825622231,0,1,1,1,1.0,8
NanoCore__9,NanoCore,667648,1,0,0,0,37,1,2,19,37,115,4.046762824854521,135,35,19.0,3.511085408180427,0,1,0,0,0.0,9
NanoCore__10,NanoCore,344987,0,0,0,-286107,33,1,5,136,71,74,4.066459753332358,4,25,10.0,3.321928094887363,1,1,1,1,1.0,10
NanoCore__11,NanoCore,4267520,0,0,0,-1001472,0,1,5,145,34,1,4.17512313511346,112,6,13.0,3.238901256602631,0,1,1,1,1.0,11
NanoCore__12,NanoCore,287232,1,0,0,-79360,31,1,19,236,71,196,4.095771148775284,128,52,0.0,0.0,0,0,1,1,0.0,12
NanoCore__13,NanoCore,2632192,1,0,3,-2512384,23,1,7,216,37,96,4.046762824854521,115,60,34.0,3.529210389789637,0,1,0,0,0.0,13
NanoCore__14,NanoCore,16437,0,0,0,653771,26,0,8,269,71,114,4.141612930981233,140,27,16.0,3.452819531114783,0,1,1,1,1.0,14
NanoCore__15,NanoCore,612352,1,0,0,0,0,1,12,20,20,148,3.784183719779189,41,39,24.0,3.510110110026522,0,2,1,1,2.0,15
NanoCore__16,NanoCore,3138560,1,0,0,-2931200,15,1,2,293,16,82,3.375,105,27,0.0,0.0,0,0,1,1,0.0,16
NanoCore__17,NanoCore,207872,1,0,0,0,45,1,12,293,27,57,3.884155094595804,99,7,2.0,0.0,0,0,0,0,0.0,17
NanoCore__18,NanoCore,612352,1,0,0,0,37,1,27,0,35,49,4.090296503327815,95,28,0.0,0.0,0,0,1,1,0.0,18
NanoCore__19,NanoCore,421216,0,0,0,-214880,20,1,7,216,37,96,4.046762824854521,115,60,0.0,0.0,0,0,1,1,0.0,19
NanoCore__20,NanoCore,592559,0,0,0,-358575,20,1,3,0,71,163,4.092179480216065,68,39,20.0,3.621928094887362,0,1,1,1,1.0,20
NanoCore__21,NanoCore,629760,0,1,6,-527192,45,0,5,145,34,1,4.17512313511346,112,6,21.0,3.427333493898264,0,1,1,1,1.0,21
NanoCore__22,NanoCore,574976,1,0,0,0,75,1,12,266,18,117,3.281036112553423,94,2,25.0,4.083856189774725,0,1,1,1,1.0,22
NanoCore__23,NanoCore,254464,1,0,0,0,26,1,12,245,35,98,4.090296503327815,137,45,23.0,3.882045108136862,0,1,1,1,1.0,23
NanoCore__24,NanoCore,421216,0,0,0,-214880,31,1,4,172,28,54,4.110577243331642,122,22,19.0,3.181366328891459,0,1,1,1,1.0,24
NanoCore__25,NanoCore,1029120,1,0,0,0,34,1,3,52,18,10,3.794653473544342,65,34,14.0,2.807354922057604,0,1,2,2,0.5,25
NanoCore__26,NanoCore,424742,0,0,0,-242470,16,1,64,208,13,221,3.546593564294939,176,224,17.0,3.29277019393699,0,1,1,1,1.0,26
NanoCore__27,NanoCore,922112,1,1,3,0,23,1,6,108,26,108,4.056020968057882,96,42,18.0,3.725480556997868,0,1,1,1,1.0,27
NanoCore__28,NanoCore,4267520,0,0,0,-4123136,0,1,2,186,19,103,3.260828171224456,166,42,20.0,3.584183719779189,0,1,1,1,1.0,28
NanoCore__29,NanoCore,4268032,0,0,0,-4060672,27,1,8,18,22,161,4.095795255000934,42,17,21.0,3.423858237291722,0,2,2,2,1.0,29
NanoCore__30,NanoCore,2632192,1,0,3,-2206208,0,1,12,20,49,148,4.379417496911518,41,39,0.0,0.0,0,0,1,1,0.0,30
NanoCore__31,NanoCore,207360,1,0,0,0,45,1,3,131,71,76,4.065378374687209,116,25,15.0,2.833130170961609,0,2,3,3,1.333333333333333,31
NanoCore__32,NanoCore,2632192,1,0,3,-2607104,0,1,2,186,19,103,3.260828171224456,166,42,14.0,2.896291529045928,0,1,1,1,1.0,32
NanoCore__33,NanoCore,590256,1,0,3,0,39,1,1,276,71,90,4.136932113580955,124,44,0.0,0.0,0,0,1,1,0.0,33
NanoCore__34,NanoCore,1011712,1,0,0,0,45,1,3,162,71,90,4.112490740432933,116,25,14.0,3.324862957617357,0,1,6,6,0.1666666666666667,34
NanoCore__35,NanoCore,361984,0,0,0,-154112,45,1,27,123,21,3,3.653756708287001,74,16,0.0,0.0,0,0,1,1,0.0,35
NanoCore__36,NanoCore,254464,1,0,0,0,26,1,4,262,24,98,3.601227480952955,65,15,12.0,3.084962500721156,0,1,1,1,1.0,36
NanoCore__37,NanoCore,421216,0,0,0,-214880,45,1,4,168,71,115,4.1122652132357,107,51,0.0,0.0,0,0,1,1,0.0,37
NanoCore__38,NanoCore,718336,1,0,0,0,45,1,5,158,71,91,4.020036389491806,173,40,19.0,3.591624117549185,0,2,1,1,2.0,38
NanoCore__39,NanoCore,4149248,0,1,5,-2165760,28,1,3,82,27,28,4.180451390892101,26,6,0.0,0.0,0,0,1,1,0.0,39
NanoCore__40,NanoCore,1012949,0,0,0,-235493,37,1,1,163,71,99,4.092179480216065,118,37,19.0,3.511085408180427,0,1,0,0,0.0,40
NanoCore__41,NanoCore,3622912,0,0,0,-3415552,27,1,3,293,71,69,4.016211423539445,58,27,24.0,3.407268229617389,0,1,1,1,1.0,41
NanoCore__42,NanoCore,585216,1,0,0,0,0,1,9,1,71,108,4.057333740983727,60,30,20.0,3.684183719779189,0,1,0,0,0.0,42
NanoCore__43,NanoCore,4267520,0,0,0,-4060160,45,1,8,106,21,136,3.784941827437643,48,30,0.0,0.0,0,0,1,1,0.0,43
NanoCore__44,NanoCore,2632192,1,0,3,-2606080,22,1,5,103,71,33,4.052425071327434,102,11,23.0,3.69321787717103,0,2,1,1,3.0,44
NanoCore__45,NanoCore,1024154,0,0,0,-246698,35,1,2,57,37,120,4.046762824854521,153,24,0.0,0.0,0,0,1,1,0.0,45
NanoCore__46,NanoCore,4149248,0,1,5,-3723264,21,1,7,216,16,96,3.75,115,60,18.0,3.169925001442312,0,1,1,1,1.0,46
NanoCore__47,NanoCore,426632,0,0,0,-220296,45,1,7,101,71,48,4.01594492392204,39,10,12.0,3.203734539167783,0,6,0,0,0.0,47
NanoCore__48,NanoCore,600576,1,0,0,0,0,1,4,262,71,98,4.035477627413771,65,15,0.0,0.0,0,0,1,1,0.0,48
NanoCore__49,NanoCore,16437,0,0,0,653771,37,0,3,48,16,1,3.577819531114783,65,33,0.0,0.0,0,0,1,1,0.0,49
NanoCore__50,NanoCore,1180783,0,0,0,12689,0,0,8,106,71,136,4.05792309281424,48,30,10.5,3.017952584035057,0,1,1,1,2.0,50
NanoCore__51,NanoCore,371200,1,0,3,0,37,1,10,155,19,106,3.932138039759375,96,49,30.5,3.849898291707374,0,2,1,1,2.0,51
NanoCore__52,NanoCore,1024154,0,0,0,-978906,0,1,4,168,71,115,4.1122652132357,107,51,12.0,2.584962500721156,0,1,0,0,0.0,52
NanoCore__53,NanoCore,344987,0,0,0,-286107,33,1,12,245,21,98,3.880179922675738,137,45,21.0,3.594465636961452,0,1,0,0,0.0,53
NanoCore__54,NanoCore,426632,0,0,0,-220296,21,1,7,101,37,48,4.046762824854521,39,10,19.5,3.694559555252897,0,2,1,1,2.0,54
NanoCore__55,NanoCore,265728,1,0,3,0,0,1,2,73,71,54,4.134119001746875,41,9,19.0,3.489357896222331,1,2,2,2,0.6666666666666666,55
NanoCore__56,NanoCore,207360,1,0,0,0,45,1,12,20,20,148,3.784183719779189,41,39,17.0,3.616874605956222,0,1,1,1,1.0,56
NanoCore__57,NanoCore,307712,1,0,0,0,45,1,5,293,71,198,3.833160331968696,220,77,14.0,3.03914867190307,0,1,1,1,1.0,57
NanoCore__58,NanoCore,445941,0,0,0,-274933,35,1,4,233,71,95,4.076049240388929,178,52,27.0,4.032303242743952,0,1,1,1,1.0,58
NanoCore__59,NanoCore,4267520,0,0,0,-3622912,21,1,5,145,71,1,4.063421114301045,112,6,18.0,3.725480556997868,0,1,1,1,1.0,59
NanoCore__60,NanoCore,4268032,0,0,0,-4123648,21,1,2,293,37,82,4.046762824854521,105,27,0.0,0.0,0,0,1,1,0.0,60
NanoCore__61,NanoCore,700416,1,0,0,0,20,1,4,229,71,94,4.09767750170287,181,56,0.0,0.0,0,0,1,1,0.0,61
NanoCore__62,NanoCore,1029120,1,0,0,-767432,17,1,6,14,71,224,4.010221375238003,41,40,19.0,3.576617644908666,0,1,1,1,1.0,62
NanoCore__63,NanoCore,4268032,0,0,0,-1001984,18,1,12,133,71,82,4.011627931155044,42,25,0.0,0.0,0,0,1,1,0.0,63
NanoCore__64,NanoCore,16437,0,0,0,653771,0,0,7,216,16,96,3.75,115,60,14.0,2.896291529045928,0,1,1,1,1.0,64
NanoCore__65,NanoCore,444649,0,0,0,-243945,18,1,7,269,71,204,4.027394346348899,153,49,18.5,3.329653427446325,0,1,1,1,2.0,65
NanoCore__66,NanoCore,3138560,1,0,0,-2931200,24,1,27,0,27,1,3.884155094595804,0,6,18.0,3.725480556997868,0,1,1,1,1.0,66
NanoCore__67,NanoCore,265728,1,0,3,0,37,1,8,248,22,232,3.663532754804255,42,34,31.0,3.873235826376329,0,1,1,1,1.0,67
NanoCore__68,NanoCore,2632192,1,0,3,-2206208,25,1,4,233,71,95,4.076049240388929,178,52,28.0,3.708966082694623,0,1,0,0,0.0,68
Phorpiex__0,Phorpiex,15872,0,0,0,0,19,1,3,173,23,46,3.969001629875993,66,96,0.0,0.0,0,0,29,29,0.0,0
Phorpiex__1,Phorpiex,10240,0,1,5,86016,0,1,5,68,21,1,3.558518613048906,114,35,9.0,2.641604167868594,0,1,21,21,0.04761904761904762,1
Phorpiex__2,Phorpiex,110080,0,0,0,0,0,1,3,0,71,0,4.023116000943291,0,0,14.0,3.218400631057381,0,1,10,10,0.3,2
Phorpiex__3,Phorpiex,20480,0,0,5,174656,61,1,3,55,30,227,3.989898095464288,188,59,13.0,3.180832987205441,0,1,31,31,0.03125,3
Phorpiex__4,Phorpiex,20480,0,1,5,347840,78,1,3,173,23,46,3.969001629875993,66,96,9.0,2.641604167868594,0,1,1,1,1.0,4
Phorpiex__5,Phorpiex,20480,0,0,5,365784,67,1,24,232,23,214,4.001822825622231,40,43,8.0,2.75,0,1,1,1,1.0,5
Phorpiex__6,Phorpiex,90112,0,0,0,0,23,1,10,75,20,23,3.984183719779189,28,49,0.0,0.0,0,0,14,14,0.0,6
Phorpiex__7,Phorpiex,81920,0,0,3,0,0,1,10,21,39,56,3.765294205653421,118,63,0.0,0.0,0,0,28,28,0.0,7
Phorpiex__8,Phorpiex,88064,0,1,3,0,0,1,3,170,71,33,4.157153818977856,39,57,0.0,0.0,0,0,31,31,0.0,8
Phorpiex__9,Phorpiex,20480,0,0,5,28672,53,1,10,0,21,18,3.748994803525096,140,37,0.0,0.0,0,0,32,32,0.0,9
Phorpiex__10,Phorpiex,102912,0,0,0,0,0,1,3,173,31,46,4.284683810317086,66,96,13.0,3.180832987205441,0,1,27,27,0.03571428571428571,10
Phorpiex__11,Phorpiex,10240,0,1,5,86528,0,1,3,96,15,150,3.456564762130954,124,48,0.0,0.0,0,0,31,31,0.0,11
Phorpiex__12,Phorpiex,20480,0,1,5,843376,92,1,3,96,27,150,3.856196298219379,124,48,9.0,2.94770277922009,0,1,36,36,0.02777777777777778,12
Phorpiex__13,Phorpiex,10240,0,1,5,256,0,1,3,35,24,42,3.918295834054489,2,2,0.0,0.0,0,0,1,1,0.0,13
Phorpiex__14,Phorpiex,74240,0,0,0,0,22,1,24,256,23,214,3.642489673166126,135,30,0.0,0.0,0,0,19,19,0.0,14
Phorpiex__15,Phorpiex,6656,0,0,0,2067456,51,1,3,47,13,81,3.334679141051595,196,166,18.10344827586207,3.154201731793817,0,5,6,6,9.666666666666666,15
Phorpiex__16,Phorpiex,85504,0,0,0,0,0,1,3,146,19,53,3.576617644908666,58,37,0.0,0.0,0,0,27,27,0.0,16
Phorpiex__17,Phorpiex,81408,0,0,3,0,24,1,6,112,71,39,4.057105888727712,43,23,0.0,0.0,0,0,1,1,0.0,17
Phorpiex__18,Phorpiex,74752,0,0,0,0,21,1,5,77,21,21,3.52257158913636,1,0,0.0,0.0,0,0,4,4,0.0,18
Phorpiex__19,Phorpiex,102400,0,0,0,0,30,1,5,16,10,72,2.921928094887362,143,65,0.0,0.0,0,0,36,36,0.0,19
Phorpiex__20,Phorpiex,20480,0,0,5,365784,67,1,1,0,71,0,3.960787924472835,0,0,0.0,0.0,0,0,64,64,0.0,20
Phorpiex__21,Phorpiex,20480,0,1,5,1005768,61,1,3,35,24,42,3.918295834054489,2,2,0.0,0.0,0,0,1,1,0.0,21
Phorpiex__22,Phorpiex,20480,0,1,5,633592,88,1,27,256,24,83,4.084962500721156,113,68,24.0,3.740601562950722,0,1,42,42,0.02380952380952381,22
Phorpiex__23,Phorpiex,20992,0,0,0,591264,140,1,10,31,21,1,3.689703732199547,20,9,0.0,0.0,0,0,1,1,0.0,23
Phorpiex__24,Phorpiex,86528,0,0,0,0,0,1,24,256,9,214,2.725480556997868,135,30,0.0,0.0,0,0,20,20,0.0,24
Phorpiex__25,Phorpiex,83456,0,0,3,0,28,1,4,0,20,18,3.546439344671016,140,37,0.0,0.0,0,0,1,1,0.0,25
Phorpiex__26,Phorpiex,9728,0,1,5,5237248,20,1,24,234,13,101,3.180832987205441,94,192,9.0,2.94770277922009,0,1,33,33,0.0303030303030303,26
Phorpiex__27,Phorpiex,10240,0,1,5,5232438,0,1,3,164,23,161,3.9148663038831,130,168,13.0,3.180832987205441,0,1,26,26,0.03571428571428571,27
Phorpiex__28,Phorpiex,82432,0,0,0,0,0,1,3,133,22,26,3.879664004902594,69,59,9.0,2.641604167868594,0,1,1,1,1.0,28
Phorpiex__29,Phorpiex,74240,0,0,0,0,0,1,6,151,28,62,3.923251796980337,81,13,9.0,2.641604167868594,0,1,23,23,0.04166666666666666,29
Phorpiex__30,Phorpiex,88064,0,1,3,-66304,0,1,5,23,13,33,3.180832987205441,1,19,9.0,2.641604167868594,0,1,24,24,0.04166666666666666,30
Phorpiex__31,Phorpiex,6656,0,0,0,2067456,0,1,10,75,22,23,3.606936732175321,28,49,0.0,0.0,0,0,33,33,0.0,31
Phorpiex__32,Phorpiex,15872,0,0,0,0,0,1,10,0,19,17,3.536886723742168,29,0,0.0,0.0,0,0,38,38,0.0,32
Phorpiex__33,Phorpiex,5632,0,0,0,2068480,21,1,11,0,23,0,3.882045108136862,0,0,0.0,0.0,0,0,27,27,0.0,33
Phorpiex__34,Phorpiex,9728,0,1,5,5237248,41,1,8,128,21,37,3.784941827437643,103,92,0.0,0.0,0,0,39,39,0.0,34
Phorpiex__35,Phorpiex,81920,0,1,3,0,0,1,10,4,39,49,4.035939245703259,46,54,9.0,2.641604167868594,0,1,0,0,0.0,35
Phorpiex__36,Phorpiex,6656,0,0,0,69632,20,1,10,128,21,37,3.844232898763192,103,92,9.0,2.641604167868594,0,1,76,76,0.01282051282051282,36
Phorpiex__37,Phorpiex,88064,0,1,3,-77568,0,1,4,0,71,0,4.03057128281626,0,0,11.33333333333333,2.859816272337834,0,3,2,2,1.5,37
Phorpiex__38,Phorpiex,20480,0,0,5,591776,140,1,16,163,9,67,2.725480556997868,141,189,0.0,0.0,0,0,1,1,0.0,38
Phorpiex__39,Phorpiex,100864,0,1,3,0,0,1,2,0,28,96,4.039148671903071,106,70,13.0,3.180832987205441,0,1,28,28,0.03448275862068965,39
Phorpiex__40,Phorpiex,20480,0,1,5,365784,67,1,10,122,25,18,4.023465189601647,24,51,9.0,2.641604167868594,0,1,39,39,0.02439024390243903,40
Phorpiex__41,Phorpiex,16896,0,0,0,2057216,51,1,1,0,71,240,4.06859395851596,49,15,9.0,2.641604167868594,0,1,1,1,1.0,41
Phorpiex__42,Phorpiex,77312,0,0,0,0,22,1,3,106,21,46,3.748994803525096,93,35,0.0,0.0,0,0,31,31,0.0,42
Phorpiex__43,Phorpiex,9728,0,1,5,5237248,0,1,3,163,19,83,3.576617644908666,68,17,9.0,2.641604167868594,0,1,24,24,0.04166666666666666,43
Phorpiex__44,Phorpiex,102912,0,0,0,0,27,1,10,0,21,17,3.653756708287001,29,0,9.0,2.641604167868594,0,1,1,1,1.0,44
Phorpiex__45,Phorpiex,5632,0,0,0,2068480,51,1,8,0,21,18,3.784941827437643,140,37,9.0,2.641604167868594,0,1,1,1,1.0,45
Phorpiex__46,Phorpiex,81920,0,0,3,0,22,1,8,29,21,74,3.499227541723357,109,25,0.0,0.0,0,0,23,23,0.0,46
Phorpiex__47,Phorpiex,102400,0,0,0,0,23,1,11,183,71,64,4.024847734132222,99,51,13.0,3.180832987205441,0,1,24,24,0.03846153846153846,47
Phorpiex__48,Phorpiex,20480,0,0,5,275520,63,1,1,109,10,23,2.921928094887362,142,54,0.0,0.0,0,0,1,1,0.0,48
Phorpiex__49,Phorpiex,20480,0,0,5,347840,78,1,24,234,24,101,3.720175521464345,94,192,0.0,0.0,0,0,1,1,0.0,49
Phorpiex__50,Phorpiex,10240,0,1,5,86016,0,1,5,16,19,72,3.576617644908666,143,65,0.0,0.0,0,0,30,30,0.0,50
Phorpiex__51,Phorpiex,17408,0,0,0,0,0,1,3,147,29,18,4.047299098426643,94,47,0.0,0.0,0,0,18,18,0.0,51
Phorpiex__52,Phorpiex,10240,0,1,5,86016,23,1,10,0,71,0,4.05932964873128,0,0,0.0,0.0,0,0,34,34,0.0,52
Phorpiex__53,Phorpiex,20480,0,1,5,591776,140,1,3,47,21,81,3.558518613048906,196,166,10.66666666666667,2.934144506452862,0,2,3,3,1.0,53
Phorpiex__54,Phorpiex,11776,0,1,5,0,25,1,3,147,24,18,3.720175521464345,94,47,0.0,0.0,0,0,1,1,0.0,54
QuasarRAT__0,QuasarRAT,3266048,1,1,3,0,37,1,10,286,30,62,3.402910079649727,176,33,22.0,3.697845823084412,0,1,1,1,1.0,0
QuasarRAT__1,QuasarRAT,3270144,1,1,3,0,55,1,52,280,27,105,3.587858798299508,73,4,23.33333333333333,3.481373885551511,0,1,2,2,1.5,1
QuasarRAT__2,QuasarRAT,3266048,1,1,3,0,27,1,5,307,14,115,3.378783493486175,124,8,20.5,3.704729016142244,0,2,1,1,2.0,2
QuasarRAT__3,QuasarRAT,3266560,1,1,3,0,27,1,16,302,71,67,3.833524156601976,131,16,28.0,3.797902689682947,0,1,1,1,1.0,3
QuasarRAT__4,QuasarRAT,5171448,0,1,11,24675,34,1,2,311,27,85,3.958229168669878,104,11,8.0,2.75,0,1,2,2,0.5,4
QuasarRAT__5,QuasarRAT,3266560,1,1,3,0,0,1,49,242,38,70,3.705054079678041,129,9,12.0,3.251629167387823,0,1,1,1,0.25,5
QuasarRAT__6,QuasarRAT,5171448,0,1,11,-1436920,93,1,49,242,38,70,3.705054079678041,129,9,19.33333333333333,3.734757982173812,2,2,3,3,1.0,6
QuasarRAT__7,QuasarRAT,3266048,1,1,3,0,0,1,3,267,12,116,3.022055208874201,101,4,10.0,3.167481250360578,1,2,3,3,0.6666666666666666,7
QuasarRAT__8,QuasarRAT,3265536,1,1,3,0,0,1,52,280,27,105,3.587858798299508,73,4,15.5,3.547055047556727,0,1,1,1,2.0,8
QuasarRAT__9,QuasarRAT,33474087,0,0,8,-28972583,23,1,49,242,38,70,3.705054079678041,129,9,19.0,3.661422911542206,0,2,2,2,1.0,9
QuasarRAT__10,QuasarRAT,3335168,1,1,3,0,0,1,5,307,29,115,3.978333581185264,124,8,10.33333333333333,2.971868746856858,0,2,2,2,1.5,10
QuasarRAT__11,QuasarRAT,3357452,0,0,0,-3318028,0,0,5,289,71,116,3.98545482481809,100,4,8.0,2.75,0,1,2,2,0.5,11
QuasarRAT__12,QuasarRAT,356352,1,1,3,0,27,1,55,274,37,132,3.935955649986687,101,8,16.0,3.327819531114783,0,1,1,1,0.25,12
QuasarRAT__13,QuasarRAT,3390464,1,1,3,0,28,1,55,274,37,132,3.935955649986687,101,8,0.0,0.0,0,0,11,11,0.0,13
QuasarRAT__14,QuasarRAT,5171448,0,1,11,-1436920,93,1,52,280,13,105,3.546593564294939,73,4,23.5,3.438889546116449,0,2,2,2,1.0,14
QuasarRAT__15,QuasarRAT,5171448,0,1,11,-1380600,0,1,16,302,28,67,3.851823225551766,131,16,17.0,3.499227547132692,0,1,3,3,0.3333333333333333,15
QuasarRAT__16,QuasarRAT,3266560,1,1,3,0,38,1,55,274,37,132,3.935955649986687,101,8,18.33333333333333,3.142842492266657,0,1,1,1,3.0,16
QuasarRAT__17,QuasarRAT,3333632,1,1,3,0,43,1,3,269,16,115,3.625,100,4,23.5,3.281140775807622,0,1,1,1,2.0,17
QuasarRAT__18,QuasarRAT,1626112,1,1,3,0,0,1,1,269,71,154,4.08700663600115,150,6,0.0,0.0,0,0,1,1,0.0,18
QuasarRAT__19,QuasarRAT,33474087,0,0,8,-28972583,0,1,10,286,32,62,4.027518266288633,176,33,10.0,2.921928094887362,0,1,2,2,0.5,19
QuasarRAT__20,QuasarRAT,3265536,1,1,3,0,35,1,49,242,38,70,3.705054079678041,129,9,11.0,3.459431618637297,0,1,1,1,1.0,20
SalatStealer__0,SalatStealer,16873984,1,1,3,-16616680,51,1,11,248,71,37,4.053931277319132,66,14,11.2,3.031452769985422,0,2,6,6,0.8333333333333334,0
SalatStealer__1,SalatStealer,46310400,0,1,8,-41063424,42,1,1,272,12,0,3.188721875540867,82,6,0.0,0.0,0,0,2,2,0.0,1
SalatStealer__2,SalatStealer,8406016,0,1,4,-3159040,36,1,26,235,53,4,4.496142859937835,112,4,18.0,3.725480556997868,1,1,5,5,0.2,2
SalatStealer__3,SalatStealer,12112387,0,0,7,-12093251,49,1,8,239,19,66,3.787143960698139,179,385,11.2,3.031452769985422,0,2,6,6,0.8333333333333334,3
SalatStealer__4,SalatStealer,8406016,0,1,4,-8383928,72,1,26,235,32,4,3.718139062229566,112,4,13.0,3.368946756840842,1,2,7,7,0.4285714285714285,4
SalatStealer__5,SalatStealer,28772864,1,1,3,-25479680,54,1,2,147,22,157,3.663532754804255,173,30,0.0,0.0,0,0,1,1,0.0,5
SalatStealer__6,SalatStealer,3291648,0,1,3,0,64,1,22,202,36,1,3.748778905366474,52,1,11.66666666666667,3.066987037998578,1,3,8,8,0.375,6
SalatStealer__7,SalatStealer,3560960,0,1,3,0,41,1,8,239,16,60,3.625,182,26,17.5,3.607794392287774,2,1,3,3,0.6666666666666666,7
SalatStealer__8,SalatStealer,11656704,0,1,6,-6409728,59,1,23,261,44,3,4.263313653112509,56,4,17.5,3.607794392287774,2,1,3,3,0.6666666666666666,8
SalatStealer__9,SalatStealer,11658240,0,1,6,-6411264,59,1,6,229,39,0,4.067202859776942,105,2,11.66666666666667,3.066987037998578,1,3,9,9,0.3333333333333333,9
SalatStealer__10,SalatStealer,12113799,0,0,7,-12090567,50,1,4,313,49,0,4.404827956051039,56,1,23.66666666666667,3.673695192758141,3,1,6,6,0.5,10
SalatStealer__11,SalatStealer,11656704,0,1,6,-6409728,51,1,6,229,48,0,4.571854365656766,105,2,11.25,3.030722302220775,2,4,1,1,2.0,11
SalatStealer__12,SalatStealer,17323520,1,1,3,-17238248,47,1,26,235,57,4,4.510362330212915,112,4,10.0,3.321928094887363,0,1,2,2,0.5,12
SalatStealer__13,SalatStealer,46310400,0,1,8,-44970000,45,1,1,37,19,7,3.366091329119192,29,1,17.5,3.607794392287774,2,1,3,3,0.6666666666666666,13
SalatStealer__14,SalatStealer,17323520,1,1,3,-15415808,13,1,4,99,60,5,4.390328621280336,1,0,0.0,0.0,0,0,2,2,0.0,14
SalatStealer__15,SalatStealer,46310400,0,1,8,-42136472,49,1,4,202,42,14,4.002685804288277,53,1,11.66666666666667,3.066987037998578,1,3,7,7,0.375,15
SalatStealer__16,SalatStealer,46310400,0,1,8,-42136472,49,1,3,248,27,51,3.633974075997157,94,28,11.66666666666667,3.066987037998578,1,3,8,8,0.3333333333333333,16
SalatStealer__17,SalatStealer,17323520,1,1,3,-12076544,0,1,6,313,63,0,4.425714749502227,55,1,17.5,3.607794392287774,2,1,3,3,0.6666666666666666,17
SalatStealer__18,SalatStealer,3558912,0,1,3,0,31,1,23,261,52,3,4.496032208850886,56,4,0.0,0.0,0,0,4,4,0.0,18
SalatStealer__19,SalatStealer,11656704,0,1,6,-6409728,52,1,5,293,21,136,3.844232898763192,83,314,0.0,0.0,0,0,2,2,0.0,19
SalatStealer__20,SalatStealer,3289600,0,1,3,0,49,1,11,272,71,126,4.059065474172658,227,498,11.66666666666667,3.066987037998578,1,3,8,8,0.3333333333333333,20
SalatStealer__21,SalatStealer,3291648,0,1,3,0,28,1,26,235,71,4,3.939159663158893,112,4,23.66666666666667,3.673695192758141,3,1,3,3,1.0,21
SalatStealer__22,SalatStealer,16873984,1,1,3,-11641576,54,1,10,260,41,0,4.129148883237589,55,4,0.0,0.0,0,0,2,2,0.0,22
SalatStealer__23,SalatStealer,8406016,0,1,4,-8305072,78,1,26,235,57,4,4.510362330212915,112,4,11.66666666666667,3.066987037998578,1,3,8,8,0.3333333333333333,23
SalatStealer__24,SalatStealer,3289088,0,1,3,0,53,1,8,272,60,0,4.401245655147896,52,1,11.66666666666667,3.066987037998578,1,3,9,9,0.3333333333333333,24
SalatStealer__25,SalatStealer,11659264,0,1,6,-6412288,52,1,26,235,47,4,4.264606075441665,112,4,0.0,0.0,0,0,2,2,0.0,25
SalatStealer__26,SalatStealer,17324544,1,1,3,-16759808,0,1,2,210,71,152,3.973416050560719,202,9,23.66666666666667,3.673695192758141,3,1,3,3,1.0,26
SalatStealer__27,SalatStealer,3291648,0,1,3,0,57,1,6,7,59,10,4.414789508105438,1,0,0.0,0.0,0,0,2,2,0.0,27
SalatStealer__28,SalatStealer,3560960,0,1,3,0,60,1,5,220,13,10,3.546593564294939,53,9,10.0,3.321928094887363,0,1,3,3,0.3333333333333333,28
SalatStealer__29,SalatStealer,4030976,0,0,10,-740352,32,1,6,313,56,0,4.203954030239374,55,1,0.0,0.0,0,0,1,1,0.0,29
SalatStealer__30,SalatStealer,17323520,1,1,3,-15507176,49,1,22,202,43,1,4.089428860391306,52,1,23.66666666666667,3.673695192758141,3,1,5,5,0.6,30
SalatStealer__31,SalatStealer,5855744,1,1,3,-2297344,58,1,6,202,50,1,4.138688570451097,52,1,12.0,2.971135886717462,0,2,5,5,0.6,31
SalatStealer__32,SalatStealer,12113799,0,0,7,-12015063,33,1,6,6,57,6,4.350372584971445,0,1,0.0,0.0,0,0,1,1,0.0,32
SalatStealer__33,SalatStealer,16873984,1,1,3,-15735528,54,1,6,202,57,1,4.350372584971445,52,1,0.0,0.0,0,0,1,1,0.0,33
SalatStealer__34,SalatStealer,11659264,0,1,6,-6412288,47,1,10,260,53,0,4.062247342535012,55,4,18.0,3.725480556997868,1,1,5,5,0.2,34
SalatStealer__35,SalatStealer,8406016,0,1,4,-8199600,70,1,4,99,21,5,3.844232898763192,1,0,18.0,3.725480556997868,1,1,6,6,0.1666666666666667,35
SalatStealer__36,SalatStealer,16873984,1,1,3,-16727272,48,1,5,220,44,10,4.464558038845994,53,9,18.0,3.725480556997868,1,1,5,5,0.2,36
SalatStealer__37,SalatStealer,28258816,1,1,3,-24967168,23,1,23,261,34,3,3.852928475043366,56,4,23.66666666666667,3.673695192758141,3,1,6,6,0.5,37
SalatStealer__38,SalatStealer,3560960,0,1,3,-2996224,13,1,22,202,43,1,4.089428860391306,52,1,0.0,0.0,0,0,2,2,0.0,38
SalatStealer__39,SalatStealer,4030976,0,0,10,-3546552,18,1,4,313,14,0,3.467720100474499,56,1,0.0,0.0,0,0,2,2,0.0,39
SalatStealer__40,SalatStealer,3290112,0,1,3,0,48,1,29,282,12,61,3.188721875540867,125,212,10.0,3.321928094887363,1,1,2,2,0.5,40
SalatStealer__41,SalatStealer,12113799,0,0,7,-11116743,29,1,6,290,60,8,4.321300130445731,54,4,11.66666666666667,3.066987037998578,1,3,7,7,0.375,41
SalatStealer__42,SalatStealer,3288576,0,1,3,0,50,1,4,202,15,14,3.240223928941852,53,1,0.0,0.0,0,0,4,4,0.0,42
SalatStealer__43,SalatStealer,3291648,0,1,3,0,40,1,1,224,22,0,3.538310595615006,52,0,11.66666666666667,3.066987037998578,1,3,8,8,0.3333333333333333,43
SalatStealer__44,SalatStealer,16873984,1,1,3,-13583872,20,1,8,287,19,97,3.531630646367963,197,32,31.0,4.042433003725894,0,1,5,5,0.2,44
SalatStealer__45,SalatStealer,17324544,1,1,3,-17067240,51,1,6,229,58,0,4.350082513982725,105,2,0.0,0.0,0,0,1,1,0.0,45
SalatStealer__46,SalatStealer,12112387,0,0,7,-8552963,50,1,6,229,39,0,4.067202859776942,105,2,0.0,0.0,0,0,1,1,0.0,46
SalatStealer__47,SalatStealer,11659264,0,1,6,-6412288,43,1,8,272,53,0,4.152751710122368,52,1,0.0,0.0,0,0,1,1,0.0,47
SalatStealer__48,SalatStealer,16873984,1,1,3,-16309248,13,1,26,235,39,4,4.477459270033353,112,4,10.0,3.321928094887363,1,1,1,1,1.0,48
SalatStealer__49,SalatStealer,12112387,0,0,7,-12091715,53,1,13,340,19,146,3.576617644908666,180,24,10.0,3.321928094887363,0,1,2,2,0.5,49
SalatStealer__50,SalatStealer,12112387,0,0,7,-12087619,48,1,6,302,71,0,4.075134711286525,51,7,11.66666666666667,3.066987037998578,1,3,9,9,0.3333333333333333,50
SalatStealer__51,SalatStealer,28772864,1,1,3,-25479680,0,1,6,229,51,0,4.071469646054935,105,2,23.66666666666667,3.673695192758141,3,1,5,5,0.6,51
SalatStealer__52,SalatStealer,12112387,0,0,7,-11115331,29,1,4,99,21,5,3.844232898763192,1,0,0.0,0.0,0,0,1,1,0.0,52
SalatStealer__53,SalatStealer,12112387,0,0,7,-8670883,34,1,23,261,41,3,4.073913212347579,56,4,23.66666666666667,3.673695192758141,3,1,6,6,0.5,53
SalatStealer__54,SalatStealer,3560960,0,1,3,0,58,1,22,202,38,1,4.155565013329719,52,1,0.0,0.0,0,0,2,2,0.0,54
SalatStealer__55,SalatStealer,11659264,0,1,6,-6412288,51,1,6,264,66,1,4.320687780072727,65,6,11.66666666666667,3.066987037998578,1,3,8,8,0.3333333333333333,55
SalatStealer__56,SalatStealer,3291648,0,1,3,0,47,1,22,202,23,1,3.795088586397732,52,1,0.0,0.0,0,0,2,2,0.0,56
SalatStealer__57,SalatStealer,17323520,1,1,3,-13764096,30,1,8,239,19,66,3.787143960698139,179,385,10.0,3.321928094887363,0,1,3,3,0.3333333333333333,57
SalatStealer__58,SalatStealer,3560960,0,1,3,0,38,1,23,261,36,3,4.006749918638778,56,4,0.0,0.0,0,0,1,1,0.0,58
SalatStealer__59,SalatStealer,5855744,1,1,3,-5696440,61,1,6,7,51,10,4.442443852693053,1,0,11.66666666666667,3.066987037998578,1,3,8,8,0.3333333333333333,59
SalatStealer__60,SalatStealer,9612319,0,0,7,-9574087,37,0,23,261,58,3,4.356367479096523,56,4,0.0,0.0,0,0,1,1,0.0,60
SalatStealer__61,SalatStealer,3289600,0,1,3,0,53,1,6,143,46,8,4.284006521086277,0,14,13.0,2.353533948577482,0,1,0,0,0.0,61
SalatStealer__62,SalatStealer,17323520,1,1,3,-17163496,48,1,29,282,12,61,3.188721875540867,125,212,16.57142857142857,3.306282112451075,4,3,12,12,0.5833333333333334,62
SalatStealer__63,SalatStealer,12836864,0,1,3,-10929152,13,1,26,235,57,4,4.510362330212915,112,4,11.66666666666667,3.066987037998578,1,3,8,8,0.375,63
SalatStealer__64,SalatStealer,28258816,1,1,3,-24967168,52,1,10,260,71,0,4.074506712094623,55,4,10.0,3.321928094887363,1,1,1,1,1.0,64
SalatStealer__65,SalatStealer,11659264,0,1,6,-6412288,45,1,26,235,40,4,3.972573883611435,112,4,11.66666666666667,3.066987037998578,1,3,8,8,0.3333333333333333,65
SalatStealer__66,SalatStealer,36700160,0,1,3,-31453184,53,1,6,313,80,0,4.072173572836348,55,1,23.66666666666667,3.673695192758141,3,1,5,5,0.6,66
SalatStealer__67,SalatStealer,3290112,0,1,3,0,51,1,5,249,16,4,3.452819531114783,58,4,12.0,2.971135886717462,0,2,5,5,0.6,67
Socks5Systemz__0,Socks5Systemz,3464597,0,1,8,-3462037,40,1,8,19,23,1,3.795088586397732,17,6,12.0,2.855388542207534,0,1,4,4,0.25,0
Socks5Systemz__1,Socks5Systemz,3715658,0,1,8,-3489354,59,1,3,59,39,6,4.109138039864114,123,19,11.0,3.277613436819116,0,1,3,3,0.3333333333333333,1
Socks5Systemz__2,Socks5Systemz,3464597,0,1,8,-2758037,28,1,2,152,39,44,3.913356705930788,225,46,16.5,2.927149761315341,0,1,2,2,1.0,2
Socks5Systemz__3,Socks5Systemz,4245328,0,1,8,-3527343,70,1,4,224,19,3,3.826874881864638,120,15,16.42857142857143,3.304496596463706,0,3,8,8,0.875,3
Socks5Systemz__4,Socks5Systemz,3715658,0,1,8,-3294458,59,1,2,184,71,80,4.132387268557943,84,44,15.0,3.373557262275185,0,1,1,1,1.0,4
Socks5Systemz__5,Socks5Systemz,3295990,0,1,8,-3277558,57,1,6,233,11,41,3.027169118440618,176,42,16.5,2.927149761315341,0,1,2,2,1.0,5
Socks5Systemz__6,Socks5Systemz,3549770,0,1,8,-3531338,57,1,9,153,71,58,4.064138668312914,39,119,11.5,3.080414675744997,0,2,5,5,0.4,6
Socks5Systemz__7,Socks5Systemz,4245328,0,1,8,-4239184,40,1,6,230,11,54,3.027169118440618,145,55,11.0,3.277613436819116,0,1,3,3,0.3333333333333333,7
Socks5Systemz__8,Socks5Systemz,4018527,0,1,8,-2251103,60,1,2,24,71,3,3.983723091629158,31,0,0.0,0.0,0,0,1,1,0.0,8
Socks5Systemz__9,Socks5Systemz,3324318,0,1,8,-3098014,63,1,8,19,23,1,3.795088586397732,17,6,16.0,3.155639062229566,0,1,2,2,0.5,9
Socks5Systemz__10,Socks5Systemz,3549770,0,1,8,-1187305,64,1,2,153,39,58,3.850167130374118,193,46,16.5,2.927149761315341,0,1,2,2,1.0,10
Socks5Systemz__11,Socks5Systemz,3324318,0,1,8,-2606333,73,1,6,227,71,54,4.063057289667765,134,54,0.0,0.0,0,0,1,1,0.0,11
Socks5Systemz__12,Socks5Systemz,2515848,0,0,0,-1796488,72,1,2,184,71,80,4.132387268557943,84,44,53.0,3.831140737337146,0,1,0,0,0.0,12
Socks5Systemz__13,Socks5Systemz,3715658,0,1,8,-3697226,59,1,6,166,71,67,4.099045410258522,197,51,16.5,2.927149761315341,0,1,2,2,1.0,13
Socks5Systemz__14,Socks5Systemz,3549770,0,1,8,-3501642,57,1,3,222,71,46,4.050429163579881,141,70,0.0,0.0,0,0,1,1,0.0,14
Socks5Systemz__15,Socks5Systemz,3437277,0,1,8,-3389149,57,1,6,156,39,46,3.974647975817024,141,41,16.5,2.927149761315341,0,1,3,3,0.6666666666666666,15
Socks5Systemz__16,Socks5Systemz,4018527,0,1,8,-3597327,60,1,3,179,20,91,3.403701696057349,151,45,11.0,3.027169118440618,0,1,3,3,0.3333333333333333,16
Socks5Systemz__17,Socks5Systemz,4018527,0,1,8,-4015967,40,1,5,188,11,75,3.027169118440618,159,49,14.5,2.986584002855876,0,4,12,12,0.3076923076923077,17
Socks5Systemz__18,Socks5Systemz,3324318,0,1,8,-3276190,63,1,8,163,39,48,3.974647975817024,152,38,16.5,2.927149761315341,0,1,2,2,1.0,18
Socks5Systemz__19,Socks5Systemz,3437277,0,1,8,-2719292,67,1,6,225,71,40,4.06714875523753,189,45,0.0,0.0,0,0,1,1,0.0,19
Stealc__0,Stealc,9289728,0,0,0,-9188176,32,0,6,0,71,0,3.987814557198923,0,0,0.0,0.0,0,0,1,1,0.0,0
Stealc__1,Stealc,3492288,0,0,11,93296,40,1,63,0,71,0,3.954147521627611,0,0,0.0,0.0,0,0,1,1,0.0,1
Stealc__2,Stealc,6388736,0,0,8,-6207272,0,0,3,143,13,8,3.334679141051595,63,0,12.0,2.751629167387823,0,1,2,2,0.5,2
Stealc__3,Stealc,5035994,0,1,11,-1232858,88,1,7,247,71,75,3.944293860012418,86,5,0.0,0.0,0,0,1,1,0.0,3
Stealc__4,Stealc,60974560,0,1,11,-60398992,37,1,4,174,14,10,3.521640636343318,68,31,0.0,0.0,0,0,1,1,0.0,4
Stealc__5,Stealc,223716,0,1,5,0,0,1,62,0,71,0,4.076866444475456,0,0,0.0,0.0,0,0,1,1,0.0,5
Stealc__6,Stealc,9289728,0,0,0,-9189712,48,0,1,52,30,5,4.056564762130955,9,1,0.0,0.0,0,0,1,1,0.0,6
Stealc__7,Stealc,9289728,0,0,0,-9252976,40,0,7,43,71,10,4.083504522261898,13,0,0.0,0.0,0,0,2,2,0.0,7
Stealc__8,Stealc,3387328,0,0,11,1859648,0,1,1,153,71,18,4.025987790431858,47,0,18.0,3.461320140211008,1,1,2,2,0.5,8
Stealc__9,Stealc,60974560,0,1,11,-60924784,37,1,3,145,15,8,3.506890595608519,66,1,0.0,0.0,0,0,1,1,0.0,9
Stealc__10,Stealc,3492288,0,0,11,1746496,0,1,7,0,71,0,4.022888148687276,0,0,14.66666666666667,3.385488660739438,0,1,5,5,0.6,10
Stealc__11,Stealc,60974560,0,1,11,-57385609,37,1,2,69,71,54,3.994906014438612,56,75,0.0,0.0,0,0,1,1,0.0,11
Stealc__12,Stealc,3624384,0,0,11,1614400,40,1,7,139,71,3,3.992459052296593,62,0,0.0,0.0,0,0,6,6,0.0,12
Stealc__13,Stealc,4368384,0,0,9,-647040,0,1,24,104,39,167,3.945282667413776,76,115,0.0,0.0,0,0,1,1,0.0,13
Stealc__14,Stealc,223716,0,1,5,1997340,0,1,1,23,71,1,4.004134001920685,8,0,17.0,2.654255313215029,0,1,1,1,1.0,14
Stealc__15,Stealc,9289728,0,0,0,-4833104,45,0,6,0,71,0,3.989182465754574,0,0,19.0,3.787143960698139,0,1,1,1,1.0,15
Stealc__16,Stealc,9289728,0,0,0,-9190736,43,0,3,31,14,32,3.521640636343318,4,0,22.0,3.697845823084412,0,1,2,2,0.5,16
Stealc__17,Stealc,6388736,0,0,8,-6050304,0,0,1,38,71,0,4.032931015197094,8,0,15.25,3.130960155523608,1,4,6,6,0.6666666666666666,17
Stealc__18,Stealc,3624384,0,0,11,-1936,0,1,8,171,13,300,3.334679141051595,92,14,0.0,0.0,0,0,2,2,0.0,18
Stealc__19,Stealc,9289728,0,0,0,-7751504,48,0,6,187,14,82,3.521640636343318,54,5,11.0,2.845350936622437,1,1,2,2,0.5,19
Stealc__20,Stealc,60974560,0,1,11,-56057720,48,1,1,12,14,1,3.324862957617357,5,0,0.0,0.0,0,0,1,1,0.0,20
Stealc__21,Stealc,9289728,0,0,0,-4826960,34,0,52,190,71,74,3.998408128177864,85,5,0.0,0.0,0,0,2,2,0.0,21
Stealc__22,Stealc,6388736,0,0,8,-3154280,0,0,7,8,71,3,4.052425071327434,7,0,0.0,0.0,0,0,1,1,0.0,22
Stealc__23,Stealc,9289728,0,0,0,-9192272,44,0,7,53,15,0,3.373557262275185,11,0,0.0,0.0,0,0,1,1,0.0,23
Stealc__24,Stealc,3624384,0,0,11,1614400,0,1,4,188,13,82,3.392747410448785,34,3,0.0,0.0,0,0,1,1,0.0,24
Stealc__25,Stealc,3306432,0,0,11,300656,40,1,4,196,71,87,4.03839038932251,131,16,0.0,0.0,0,0,1,1,0.0,25
Stealc__26,Stealc,60974560,0,1,11,-60924784,43,1,3,0,71,2,3.981501656684372,0,0,0.0,0.0,0,0,1,1,0.0,26
Stealc__27,Stealc,9289728,0,0,0,-9213552,49,0,8,139,49,8,4.400224639945271,62,0,0.0,0.0,0,0,2,2,0.0,27
Stealc__28,Stealc,3492288,0,0,11,1746496,40,1,7,0,71,0,4.015394219452918,0,0,0.0,0.0,0,0,1,1,0.0,28
Stealc__29,Stealc,9289728,0,0,0,-5883712,39,0,7,0,71,0,4.018668480936155,0,0,0.0,0.0,0,0,1,1,0.0,29
Stealc__30,Stealc,9289728,0,0,0,-9189712,33,0,7,139,49,8,4.400224639945271,62,0,12.0,2.751629167387823,0,1,2,2,0.5,30
Stealc__31,Stealc,60974560,0,1,11,-60854160,41,1,4,187,71,86,4.034662748386025,85,3,0.0,0.0,0,0,1,1,0.0,31
Stealc__32,Stealc,9289728,0,0,0,-7054656,50,0,1,56,29,2,4.280226253673659,11,0,0.0,0.0,0,0,1,1,0.0,32
Stealc__33,Stealc,6388736,0,0,8,-6207272,0,0,3,187,71,62,4.071732247621932,66,3,0.0,0.0,0,0,1,1,0.0,33
Stealc__34,Stealc,9289728,0,0,0,-7751504,33,0,8,0,71,0,4.099901261706439,0,0,0.0,0.0,0,0,1,1,0.0,34
Stealc__35,Stealc,223716,0,1,5,1167900,23,1,1,0,71,0,4.071732247621932,0,0,44.0,4.126950016748872,0,1,1,1,1.0,35
Stealc__36,Stealc,60974560,0,1,11,-60968416,40,1,4,147,71,57,4.03060993017765,136,14,0.0,0.0,0,0,2,2,0.0,36
Stealc__37,Stealc,6388736,0,0,8,-3154280,0,0,8,157,71,21,3.989221113115964,66,0,0.0,0.0,0,0,2,2,0.0,37
Stealc__38,Stealc,223716,0,1,5,2050588,0,1,7,158,71,110,4.080957910045222,48,4,0.0,0.0,0,0,1,1,0.0,38
a310logger__0,a310logger,2042368,0,1,5,-613376,0,1,8,104,71,127,3.999263979625781,62,47,10.0,3.321928094887363,0,1,1,1,1.0,0
a310logger__1,a310logger,1394688,1,1,3,148480,0,1,6,36,17,3,3.454822399946606,65,10,18.0,3.30827083453526,1,1,1,1,1.0,1
a310logger__2,a310logger,1394688,1,1,3,303616,0,1,4,0,71,43,3.986408001281883,58,20,23.0,3.588354347173233,0,1,1,1,1.0,2
a310logger__3,a310logger,362865,0,0,0,-280945,0,1,5,273,71,218,4.080957910045221,157,37,0.0,0.0,0,0,1,1,0.0,3
a310logger__4,a310logger,2042368,0,1,5,-790528,0,1,2,74,71,38,4.063421114301045,77,25,10.0,3.321928094887363,0,1,1,1,1.0,4
a310logger__5,a310logger,1253376,1,0,0,0,0,1,16,185,71,36,4.074053332641376,70,253,10.0,3.321928094887363,0,1,1,1,1.0,5
a310logger__6,a310logger,361885,0,0,0,-308125,32,1,5,0,71,0,4.045294966726356,11,29,16.0,3.265319531114783,1,2,2,2,1.0,6
a310logger__7,a310logger,1394688,1,1,3,288768,0,1,3,236,71,203,3.948749150215463,73,14,13.0,3.238901256602631,0,1,1,1,1.0,7
a310logger__8,a310logger,2042368,0,1,5,-638464,0,1,13,0,20,49,3.784183719779189,31,9,14.5,3.244157735877887,1,2,4,4,1.0,8
a310logger__9,a310logger,3860992,1,1,3,-3695616,0,1,4,48,19,3,3.787143960698139,102,27,16.66666666666667,3.279636632254942,2,2,4,4,0.75,9
a310logger__10,a310logger,2042368,0,1,5,-741888,0,1,13,0,30,0,3.601515280317513,0,0,0.0,0.0,0,0,1,1,0.0,10
a310logger__11,a310logger,2042368,0,1,5,-693760,0,1,2,1,48,183,4.204448698502606,174,44,10.0,3.321928094887363,0,1,1,1,1.0,11
a310logger__12,a310logger,1394688,1,1,3,296448,0,1,4,34,45,49,3.836219908240388,61,13,16.0,3.375,1,1,1,1,1.0,12
a310logger__13,a310logger,1394688,1,1,3,125440,0,1,2,23,71,63,4.055985052756259,17,5,11.125,3.192673851773054,0,2,18,18,1.904761904761905,13
a310logger__14,a310logger,2042368,0,1,5,-1876992,0,1,7,33,16,5,3.577819531114783,64,16,10.5,2.917952584035057,1,1,0,0,0.0,14
a310logger__15,a310logger,1394688,1,1,3,235008,0,1,3,161,71,144,4.124893339323584,109,29,10.0,3.321928094887363,0,1,1,1,1.0,15
a310logger__16,a310logger,1394688,1,1,3,438784,0,1,4,51,24,142,3.720175521464345,122,30,10.0,3.321928094887363,0,1,1,1,1.0,16
a310logger__17,a310logger,1394688,1,1,3,230912,0,1,4,34,71,57,4.036884183330811,21,6,11.5,3.14542332942473,0,2,2,2,1.0,17
a310logger__18,a310logger,1394688,1,1,3,124928,0,1,3,0,18,0,3.94770277922009,3,0,23.0,3.480083695187448,0,1,1,1,1.0,18
a310logger__19,a310logger,532480,0,1,3,-367104,0,1,5,167,20,115,3.684183719779189,139,15,16.0,3.265319531114783,1,2,2,2,1.0,19
a310logger__20,a310logger,792576,1,0,0,0,28,1,3,260,71,203,4.103628902642923,66,21,0.0,0.0,0,0,1,1,0.0,20
a310logger__21,a310logger,1448960,1,0,0,0,0,1,11,0,24,151,3.886842188131011,147,185,18.0,3.30827083453526,1,1,1,1,1.0,21
a310logger__22,a310logger,1394688,1,1,3,64512,0,1,13,0,28,0,3.923251796980337,0,0,16.0,3.265319531114783,1,2,2,2,1.0,22
a310logger__23,a310logger,2042368,0,1,5,-621056,0,1,11,7,26,294,3.931208948910323,0,1,13.0,3.238901256602631,0,1,1,1,1.0,23
a310logger__24,a310logger,845320,1,1,3,0,0,1,3,262,71,218,4.067051430221654,76,26,23.0,3.480083695187448,0,1,1,1,1.0,24
a310logger__25,a310logger,1394688,1,1,3,519680,0,1,1,11,71,254,4.073463980810863,8,34,10.0,3.321928094887363,0,1,1,1,1.0,25
a310logger__26,a310logger,2042368,0,1,5,-674816,0,1,13,0,28,0,3.923251796980337,0,0,30.0,3.948394345536403,0,1,1,1,1.0,26
a310logger__27,a310logger,2042368,0,1,5,-468480,0,1,4,274,71,193,4.041528678428482,153,31,10.0,3.321928094887363,0,1,1,1,1.0,27
a310logger__28,a310logger,1394688,1,1,3,113664,0,1,1,287,47,120,3.975039256836627,21,94,16.0,3.375,1,1,1,1,1.0,28
a310logger__29,a310logger,2042368,0,1,5,-36864,0,1,3,99,28,86,3.94075983254009,127,35,13.0,3.238901256602631,0,1,1,1,1.0,29
a310logger__30,a310logger,1394688,1,1,3,447488,0,1,3,34,19,5,3.431623565847431,68,16,30.0,3.948394345536403,0,1,1,1,1.0,30
a310logger__31,a310logger,912960,0,0,0,-782020,0,1,6,157,71,25,4.093911213404996,28,130,11.5,3.14542332942473,0,2,2,2,1.0,31
a310logger__32,a310logger,2042368,0,1,5,-727040,0,1,17,257,20,227,3.421928094887363,116,110,23.5,3.608114364834224,0,1,2,2,1.0,32
a310logger__33,a310logger,1394688,1,1,3,113664,0,1,4,186,9,134,2.94770277922009,65,27,11.16822429906542,3.188694353523023,0,2,21,21,5.095238095238095,33
a310logger__34,a310logger,1394688,1,1,3,347136,0,1,8,40,21,6,3.689703732199547,80,24,30.0,3.948394345536403,0,1,1,1,1.0,34
a310logger__35,a310logger,532480,0,1,3,0,0,1,4,251,14,198,3.324862957617357,150,52,30.0,3.948394345536403,0,1,1,1,1.0,35
agenttesla__0,agenttesla,922120,1,1,3,0,20,1,0,264,71,108,4.03839038932251,0,16,13.0,3.258810611724929,0,2,4,4,1.0,0
agenttesla__1,agenttesla,4957184,1,0,3,-841183,43,1,0,177,20,73,3.621928094887362,0,0,10.0,2.921928094887362,0,1,1,1,1.0,1
agenttesla__2,agenttesla,4144,0,0,0,362960,25,0,0,256,71,146,3.965468741873112,10,9,13.0,3.026986833359287,0,1,1,1,1.0,2
agenttesla__3,agenttesla,5860864,0,0,4,-613888,54,1,0,72,35,24,3.946880788794847,4,43,15.33333333333333,3.408152097376474,0,3,3,3,0.5,3
agenttesla__4,agenttesla,4957184,1,0,3,-840444,43,1,0,182,20,73,3.621928094887362,0,0,15.75,3.411097034160616,2,2,4,4,1.0,4
agenttesla__5,agenttesla,714240,1,0,3,0,27,1,0,249,20,104,3.621928094887362,0,2,10.0,2.921928094887362,0,1,1,1,1.0,5
agenttesla__6,agenttesla,1889792,0,0,6,0,124,1,0,240,21,125,3.689703732199547,0,15,18.0,3.725480556997868,0,1,1,1,1.0,6
agenttesla__7,agenttesla,3213824,1,0,3,0,20,1,0,242,71,123,4.042746029450897,0,81,10.0,2.921928094887362,0,1,1,1,1.0,7
agenttesla__8,agenttesla,1037312,1,0,3,0,26,1,0,234,71,162,4.01561974665015,0,8,13.0,3.026986833359287,0,1,1,1,1.0,8
agenttesla__9,agenttesla,1889792,0,0,6,0,0,1,0,185,25,153,3.913269689515109,0,23,10.0,2.921928094887362,0,1,1,1,1.0,9
agenttesla__10,agenttesla,1074176,0,0,5,0,39,1,0,214,71,124,4.05828691744752,0,41,13.0,3.026986833359287,0,1,1,1,1.0,10
agenttesla__11,agenttesla,4957184,1,0,3,-841331,43,1,0,162,15,130,3.189898095464287,1,1,10.0,2.921928094887362,0,1,1,1,1.0,11
agenttesla__12,agenttesla,1160704,0,0,5,0,39,1,0,21,71,33,4.019485685022683,0,12,13.0,3.026986833359287,0,1,1,1,1.0,12
agenttesla__13,agenttesla,759808,1,1,3,0,25,1,0,313,30,141,4.123231428797621,0,0,10.0,2.921928094887362,0,1,1,1,1.0,13
agenttesla__14,agenttesla,4957184,1,0,3,-842777,43,1,0,277,71,125,4.037022480766859,0,26,10.0,2.921928094887362,0,1,1,1,1.0,14
agenttesla__15,agenttesla,4144,0,0,0,97712,0,0,0,175,20,72,3.621928094887362,0,0,14.5,3.216506751533895,0,2,2,2,1.0,15
agenttesla__16,agenttesla,1069056,0,0,5,0,40,1,0,68,31,51,4.195816471537618,0,0,10.0,2.921928094887362,0,1,1,1,1.0,16
agenttesla__17,agenttesla,4957184,1,0,3,-842325,43,1,0,244,71,95,4.02812199561546,0,17,10.0,2.921928094887362,0,1,1,1,1.0,17
agenttesla__18,agenttesla,1464320,1,1,3,0,18,1,0,28,71,3,3.862018347958375,0,1,15.0,3.299728146064711,0,2,2,2,1.0,18
agenttesla__19,agenttesla,759808,1,1,3,0,25,1,0,67,27,30,4.282484261342599,10,10,11.5,2.974457464123325,0,1,2,2,1.0,19
agenttesla__20,agenttesla,1038848,0,0,5,0,36,1,0,21,29,4,4.21126073643228,0,8,10.0,2.921928094887362,0,1,1,1,1.0,20
agenttesla__21,agenttesla,925,0,0,0,298083,22,0,0,258,71,179,4.07778097357786,0,10,10.0,2.921928094887362,0,1,1,1,1.0,21
agenttesla__22,agenttesla,5860864,0,0,4,-613888,16,1,0,223,17,66,3.528064311584049,0,0,18.0,3.52743606993416,0,1,2,2,1.0,22
agenttesla__23,agenttesla,422400,1,1,3,-349184,23,1,0,273,71,103,4.050792988213161,0,32,10.0,2.921928094887362,0,1,2,2,0.5,23
agenttesla__24,agenttesla,4957184,1,0,3,-840592,43,1,0,250,71,111,4.064138668312914,0,14,13.0,3.026986833359287,0,1,1,1,1.0,24
lockbit__0,lockbit,863657,0,0,0,-851369,29,1,0,141,39,77,3.935935796218898,1,3,26.0,3.873140679513133,0,1,1,1,1.0,0
lockbit__1,lockbit,148480,0,1,6,-145715,57,1,0,226,22,48,2.889916845319988,14,153,16.0,3.5,0,1,1,1,1.0,1
lockbit__2,lockbit,982528,0,0,0,0,0,1,0,2,11,208,3.027169118440618,0,4,11.0,3.095795255000934,0,1,1,1,1.0,2
lockbit__3,lockbit,148480,0,1,6,-135660,52,1,0,203,71,138,4.013034487072083,0,1,25.0,3.711272380112911,0,2,2,2,1.0,3
lockbit__4,lockbit,567808,0,0,0,0,0,1,0,131,79,55,4.325871338195698,0,159,11.0,3.095795255000934,0,1,1,1,1.0,4
lockbit__5,lockbit,157184,0,1,6,-73271,104,1,0,130,31,117,4.284683810317086,0,5,0.0,0.0,0,0,0,1,0.0,5
lockbit__6,lockbit,1218048,1,0,3,-1066496,9,0,0,60,11,130,3.027169118440618,0,1,11.16666666666667,3.196629853798962,0,1,17,17,1.764705882352941,6
lockbit__7,lockbit,164249,0,1,6,-163954,52,1,0,77,71,32,4.036294831500298,0,0,0.0,0.0,0,0,2,2,0.0,7
lockbit__8,lockbit,157184,0,1,6,-155907,86,1,0,248,71,66,4.025437085962735,0,18,8.0,2.25,0,1,1,1,1.0,8
lockbit__9,lockbit,152576,0,1,6,-144514,89,1,0,306,71,47,4.03443489613001,0,24,11.0,3.095795255000934,0,1,0,0,0.0,9
lockbit__10,lockbit,631808,0,0,3,341504,70,1,0,90,71,93,4.000995712814713,1,30,16.0,3.125,0,1,1,1,1.0,10
lockbit__11,lockbit,150016,0,1,6,-148674,113,1,0,50,29,58,3.853863219997788,0,233,14.0,3.521640636343318,0,1,1,1,1.0,11
lockbit__12,lockbit,150016,0,1,6,-146531,73,1,0,46,75,106,4.179991904361356,1,46,36.0,3.995906598484245,1,1,0,0,0.0,12
lockbit__13,lockbit,631808,0,0,3,47616,86,1,0,266,19,108,3.32110433057849,0,2,0.0,0.0,0,0,1,1,0.0,13
lockbit__14,lockbit,164249,0,1,6,-159814,69,1,0,297,71,57,4.12257225430414,0,17,28.0,3.770942421748537,0,1,1,1,1.0,14
lockbit__15,lockbit,148480,0,1,6,484513,67,1,0,111,39,111,3.914019053340094,1,3,0.0,0.0,0,0,1,1,0.0,15
lockbit__16,lockbit,631808,0,0,3,161792,66,1,0,132,71,176,4.024256057242927,0,3,0.0,0.0,0,0,4,4,0.0,16
lockbit__17,lockbit,50688,0,0,3,-49824,70,1,0,194,71,81,3.991770050391422,0,4,25.0,3.639079570624175,0,1,1,1,1.0,17
lockbit__18,lockbit,157184,0,1,6,-154604,87,1,0,70,39,140,4.089781950065051,0,3,21.33333333333333,3.545581344307192,0,2,3,3,1.0,18
lockbit__19,lockbit,157184,0,1,6,-155889,116,1,0,104,71,193,3.861232021037327,0,3,25.0,3.711272380112911,0,2,2,2,1.0,19
lockbit__20,lockbit,631808,0,0,3,4615168,0,1,0,302,22,89,3.442862165155467,0,23,0.0,0.0,0,0,1,1,0.0,20
lumma__0,lumma,63099766,0,0,7,-63086550,152,1,0,203,12,32,3.188721875540867,8,107,22.0,3.624680346973648,0,1,1,1,1.0,0
lumma__1,lumma,63099766,0,0,7,-63086078,53,1,0,262,13,76,3.334679141051595,9,103,11.0,2.73215889136457,0,1,1,1,1.0,1
lumma__2,lumma,1973966,0,1,6,-1909262,24,1,0,102,16,5,3.375,0,0,13.0,3.026986833359287,0,1,1,1,1.0,2
lumma__3,lumma,63099766,0,0,7,-63038302,158,1,0,65,71,41,4.098130881156118,0,0,0.0,0.0,0,0,1,1,0.0,3
lumma__4,lumma,63099766,0,0,7,-63086078,53,1,0,69,12,6,3.188721875540867,0,0,25.0,3.813660689688186,0,1,1,1,1.0,4
lumma__5,lumma,63099766,0,0,7,-63058902,146,1,0,254,15,102,3.373557262275185,5,54,19.44444444444444,3.663267631522113,0,2,2,2,4.5,5
lumma__6,lumma,63099766,0,0,7,-63085822,148,1,0,194,20,118,3.621928094887362,1,18,0.0,0.0,0,0,1,1,0.0,6
lumma__7,lumma,63099766,0,0,7,-63086022,53,1,0,253,31,69,3.885828069136431,0,0,0.0,0.0,0,0,1,1,0.0,7
lumma__8,lumma,63099766,0,0,7,-62357454,141,1,0,256,31,78,4.002268084440844,9,125,0.0,0.0,0,0,1,1,0.0,8
lumma__9,lumma,63099766,0,0,7,-63019478,162,1,0,236,17,15,3.690116517593665,0,0,13.0,3.180832987205441,0,1,1,1,1.0,9
lumma__10,lumma,63099766,0,0,7,-62130118,134,1,0,276,31,85,4.300497519854926,9,115,7.5,2.456988536591376,0,2,2,2,1.0,10
lumma__11,lumma,63099766,0,0,7,-63058902,143,1,0,257,12,75,3.188721875540867,6,95,12.0,3.41829583405449,0,1,1,1,1.0,11
lumma__12,lumma,63099766,0,0,7,-62338526,108,1,0,288,17,115,3.690116517593665,0,0,12.0,3.41829583405449,0,1,1,1,1.0,12
lumma__13,lumma,63099766,0,0,7,-63080758,131,1,0,281,13,73,3.334679141051595,0,2,18.0,3.162119964496391,0,3,1,1,3.0,13
lumma__14,lumma,63099766,0,0,7,-63030214,128,1,0,261,13,79,3.334679141051595,10,96,12.0,3.41829583405449,0,1,1,1,1.0,14
lumma__15,lumma,63099766,0,0,7,-63033798,133,1,0,189,71,115,4.024256057242927,0,5,9.333333333333334,2.707594029453407,0,3,2,2,1.5,15
lumma__16,lumma,63099766,0,0,7,-63035718,153,1,0,290,12,50,3.188721875540867,0,4,14.0,3.521640636343318,0,1,1,1,1.0,16
lumma__17,lumma,63099766,0,0,7,-63054342,47,1,0,257,12,144,3.251629167387823,18,135,14.0,3.378783493486175,0,1,1,1,1.0,17
lumma__18,lumma,63099766,0,0,7,-63043502,126,1,0,200,71,56,4.071693600260542,0,0,19.5,3.342175059222538,0,2,1,1,2.0,18
lumma__19,lumma,63099766,0,0,7,-63084014,152,1,0,194,22,123,3.749902506162897,0,53,11.0,2.73215889136457,0,1,1,1,1.0,19
lumma__20,lumma,63099766,0,0,7,-63080758,128,1,0,282,71,82,4.051835719496921,7,102,22.5,3.282928451863995,0,2,1,1,2.0,20
lumma__21,lumma,63099766,0,0,7,-57942110,32,1,0,294,19,51,3.108375700053942,0,0,14.0,3.316287061780204,0,3,2,2,5.0,21
lumma__22,lumma,63099766,0,0,7,-63076198,112,1,0,242,13,34,3.392747410448785,0,0,37.0,3.763243230376871,0,1,0,0,0.0,22
lumma__23,lumma,63099766,0,0,7,-63057870,58,1,0,215,104,118,4.085466962313089,0,3,16.33333333333333,3.539912488297473,0,5,2,2,4.5,23
lumma__24,lumma,1470464,0,0,5,550912,15,1,0,27,71,46,4.115078325069781,0,12,15.41666666666667,3.24291934931352,0,5,4,4,3.0,24
lumma__25,lumma,63099766,0,0,7,-62887878,134,1,0,300,12,108,3.188721875540867,33,140,22.33333333333333,2.961837724003477,0,3,2,2,1.5,25
lumma__26,lumma,63099766,0,0,7,-63070718,66,1,0,111,9,38,2.94770277922009,0,10,47.0,4.235439915507425,0,1,0,0,0.0,26
lumma__27,lumma,63099766,0,0,7,-63078902,116,1,0,232,71,52,4.035252100216538,0,6,8.333333333333334,2.733180510568826,0,3,2,2,1.5,27
lumma__28,lumma,63099766,0,0,7,-63061974,148,1,0,218,14,146,3.378783493486175,0,22,17.5,3.607794392287774,2,1,2,2,1.0,28
lumma__29,lumma,93323281,0,0,6,-92343217,24,1,0,285,71,125,4.028573050009925,0,0,17.0,3.454822399946606,0,1,1,1,1.0,29
lumma__30,lumma,63099766,0,0,7,-62709694,141,1,0,270,17,119,3.690116517593665,0,0,15.66666666666667,3.20197072811093,0,3,1,1,3.0,30
lumma__31,lumma,63099766,0,0,7,-63084030,152,1,0,8,18,9,3.572431251322119,0,0,8.666666666666666,2.835630198536172,0,3,2,2,1.5,31
lumma__32,lumma,1141624,0,0,6,-161560,26,1,0,241,26,48,3.997952698660692,0,0,19.1,3.561893750222198,0,1,9,9,1.111111111111111,32
lumma__33,lumma,63099766,0,0,7,-61132734,141,1,0,288,11,123,3.027169118440618,0,0,19.5,3.026538491789208,0,4,2,2,2.0,33
lumma__34,lumma,63099766,0,0,7,-62766966,113,1,0,288,14,114,3.521640636343318,0,0,13.9,3.30699439972621,0,4,2,2,5.0,34
lumma__35,lumma,63099766,0,0,7,-62755806,140,1,0,258,12,80,3.188721875540867,8,124,13.0,3.026986833359287,0,1,1,1,1.0,35
lumma__36,lumma,63099766,0,0,7,-63082998,140,1,0,194,71,48,4.041467675715213,0,0,21.0,3.249460279921617,0,1,0,0,0.0,36
lumma__37,lumma,63099766,0,0,7,-63087990,125,1,0,266,21,59,3.594465636961452,0,0,16.0,3.385221426668494,0,1,2,2,1.0,37
lumma__38,lumma,63099766,0,0,7,-63086590,53,1,0,288,20,101,4.021928094887363,0,0,11.0,2.73215889136457,0,1,1,1,1.0,38
lumma__39,lumma,63099766,0,0,7,-63076350,150,1,0,242,12,88,3.188721875540867,5,73,18.2,3.596809441615614,0,1,10,10,1.0,39
lumma__40,lumma,63099766,0,0,7,-63036230,156,1,0,158,16,31,3.625,0,0,18.1,3.59502073842159,0,1,8,8,1.25,40
lumma__41,lumma,63099766,0,0,7,-61720022,130,1,0,176,15,3,3.373557262275185,0,4,24.5,3.460075413285062,0,2,1,1,2.0,41
lumma__42,lumma,63099766,0,0,7,-63083462,147,1,0,101,38,201,4.303866908682343,1,298,12.0,3.188721875540867,0,1,1,1,1.0,42
lumma__43,lumma,63099766,0,0,7,-61458846,127,1,0,163,27,153,3.630275354881976,10,142,11.0,2.73215889136457,0,1,1,1,1.0,43
lumma__44,lumma,63099766,0,0,7,-62430070,50,1,0,92,71,107,4.061689381112114,0,0,5.0,2.321928094887362,0,1,0,0,0.0,44
lumma__45,lumma,63099766,0,0,7,-61901750,134,1,0,290,12,124,3.188721875540867,0,0,10.0,2.921928094887362,0,1,1,1,1.0,45
lumma__46,lumma,63099766,0,0,7,-63083518,152,1,0,237,12,90,3.188721875540867,9,112,13.0,3.026986833359287,0,1,1,1,1.0,46
lumma__47,lumma,63099766,0,0,7,-60294622,36,1,0,226,15,103,3.323231428797621,10,148,20.5,3.60078209275195,0,2,1,1,2.0,47
lumma__48,lumma,63099766,0,0,7,-62387558,117,1,0,255,11,101,3.277613436819116,7,92,12.0,3.188721875540867,0,1,1,1,1.0,48
lumma__49,lumma,63099766,0,0,7,-63076350,150,1,0,99,19,102,3.932138039759375,0,17,25.5,3.645469780908914,0,2,1,1,2.0,49
lumma__50,lumma,63099766,0,0,7,-62630350,38,1,0,317,31,134,3.925992988421481,0,11,12.0,3.188721875540867,0,1,1,1,1.0,50
lumma__51,lumma,63099766,0,0,7,-63048038,116,1,0,266,16,83,3.875,10,127,12.0,2.695384402628682,0,3,2,2,1.5,51
lumma__52,lumma,63099766,0,0,7,-63067382,46,1,0,273,17,81,3.85216872360328,1,33,35.0,3.586425874087823,0,1,0,0,0.0,52
lumma__53,lumma,63099766,0,0,7,-62789102,139,1,0,206,12,99,3.188721875540867,251,403,17.66666666666667,3.626437351375174,0,1,3,3,1.0,53
lumma__54,lumma,63099766,0,0,7,-63086590,152,1,0,295,13,104,3.392747410448785,0,0,0.0,0.0,0,0,1,1,0.0,54
lumma__55,lumma,63099766,0,0,7,-63086550,152,1,0,129,71,66,4.002402268731753,0,1,17.0,3.414402305642406,0,2,1,1,2.0,55
lumma__56,lumma,13788128,0,0,7,-12993136,29,0,0,89,71,42,4.065417022048599,0,3,17.66666666666667,3.578105991688096,0,1,3,3,1.0,56
lumma__57,lumma,63099766,0,0,7,-63031110,128,1,0,192,15,36,3.640223928941852,0,0,23.5,3.673789425499728,0,2,1,1,2.0,57
lumma__58,lumma,13788128,0,0,7,-13667728,33,0,0,156,22,50,3.481714572986073,0,0,11.0,2.73215889136457,0,1,1,1,1.0,58
lumma__59,lumma,63099766,0,0,7,-63080758,128,1,0,98,13,5,3.334679141051595,3,43,19.2,3.573901924923855,0,1,10,10,1.0,59
lumma__60,lumma,63099766,0,0,7,-62838118,148,1,0,287,71,94,4.03057128281626,0,0,28.0,3.278455438195413,0,2,1,1,2.0,60
lumma__61,lumma,63099766,0,0,7,-63076350,150,1,0,289,17,61,3.572469458770135,0,0,12.5,3.305792345411905,0,5,0,0,0.0,61
lumma__62,lumma,63099766,0,0,7,-57852790,30,1,0,170,31,83,4.143892585265464,8,10,15.0,2.599581230646065,0,1,1,1,1.0,62
lumma__63,lumma,63099766,0,0,7,-63084014,152,1,0,278,23,79,4.055958151615124,0,0,32.5,3.525257537791289,0,2,1,1,2.0,63
lumma__64,lumma,15079882,0,0,4,-14132594,15,1,0,282,71,79,4.119759142470059,0,0,15.0,3.640223928941852,0,1,1,1,1.0,64
lumma__65,lumma,63099766,0,0,7,-59685478,54,1,0,289,21,122,3.975418017913833,0,0,18.1,3.59502073842159,0,1,8,8,1.25,65
lumma__66,lumma,63099766,0,0,7,-62838006,46,1,0,190,13,123,3.392747410448785,0,0,37.0,3.655135122268763,0,1,0,0,0.0,66
lumma__67,lumma,63099766,0,0,7,-63080934,138,1,0,1,21,0,3.784941827437643,0,223,15.0,3.196109251809635,0,2,3,3,1.0,67
lumma__68,lumma,1560481,0,1,5,-1424289,14,1,0,282,12,96,3.188721875540867,9,145,15.33333333333333,3.229245263050786,0,3,1,1,3.0,68
lumma__69,lumma,63099766,0,0,7,-62791374,118,1,0,252,71,81,4.035252100216538,6,3,9.0,2.689391746743087,0,2,2,2,1.0,69
lumma__70,lumma,63099766,0,0,7,-63030214,128,1,0,248,13,121,3.180832987205441,10,131,17.5,3.062892142331044,0,2,1,1,2.0,70
lumma__71,lumma,1143143,0,0,6,-163079,25,1,0,98,71,4,4.147928156554566,4,74,10.0,2.921928094887362,0,1,1,1,1.0,71
lumma__72,lumma,63099766,0,0,7,-63031742,128,1,0,99,31,118,4.235981390822668,1,21,7.5,2.729715809318649,0,2,2,2,1.0,72
lumma__73,lumma,63099766,0,0,7,-63024590,79,1,0,270,14,116,3.324862957617357,0,0,20.0,4.021928094887363,0,1,1,1,0.5,73
lumma__74,lumma,63099766,0,0,7,-62978990,119,1,0,16,71,41,3.952968817966585,0,0,11.5,2.974457464123325,0,2,1,1,2.0,74
lumma__75,lumma,94382203,0,0,5,-93434915,27,1,0,194,14,112,3.521640636343318,0,31,19.33333333333333,3.212820145919675,0,3,1,1,3.0,75
lumma__76,lumma,63099766,0,0,7,-63085822,153,1,0,99,31,1,4.15565155225257,0,0,21.0,3.340712909610128,0,2,1,1,2.0,76
lumma__77,lumma,63099766,0,0,7,-62893494,48,1,0,250,37,86,4.648510460165073,10,157,9.5,3.047897627500467,0,2,2,2,1.0,77
lumma__78,lumma,63099766,0,0,7,-63085822,148,1,0,180,19,72,3.43162356584743,0,0,31.0,3.67683901442322,0,2,1,1,2.0,78
lumma__79,lumma,63099766,0,0,7,-62309982,29,1,0,99,13,1,3.546593564294939,0,0,45.0,3.646974207248478,0,1,0,0,0.0,79
lumma__80,lumma,63099766,0,0,7,-63085822,151,1,0,290,13,135,3.180832987205441,0,0,13.0,3.026986833359287,0,1,1,1,1.0,80
lumma__81,lumma,63099766,0,0,7,-62633206,128,1,0,186,16,36,3.577819531114783,0,0,14.0,3.03914867190307,0,1,1,1,1.0,81
lumma__82,lumma,63099766,0,0,7,-63079222,128,1,0,286,17,110,3.690116517593665,0,0,19.1,3.56951019344855,0,1,10,10,1.0,82
lumma__83,lumma,13788128,0,0,7,-13749872,37,0,0,160,71,122,4.018590376248461,180,260,17.66666666666667,3.569505553167515,0,1,3,3,1.0,83
lumma__84,lumma,63099766,0,0,7,-63040742,47,1,0,125,13,35,3.334679141051595,0,8,11.0,3.277613436819116,0,1,1,1,1.0,84
lumma__85,lumma,63099766,0,0,7,-63020014,162,1,0,8,9,12,2.725480556997868,0,0,8.333333333333334,2.733180510568826,0,3,3,3,1.0,85
lumma__86,lumma,63099766,0,0,7,-63030206,128,1,0,287,71,125,4.003680622467437,0,0,18.18181818181818,3.590446796528381,0,2,9,9,1.222222222222222,86
lumma__87,lumma,63099766,0,0,7,-63081270,128,1,0,104,71,11,4.050429163579881,1,33,10.0,2.921928094887362,0,1,1,1,1.0,87
lumma__88,lumma,63099766,0,0,7,-63086550,0,1,0,195,31,7,4.284683810317086,0,0,11.44444444444444,3.063821993903825,0,3,3,3,3.0,88
lumma__89,lumma,63099766,0,0,7,-63076350,150,1,0,56,40,143,4.025070520364182,47,415,18.1,3.528830353486501,0,1,10,10,1.0,89
lumma__90,lumma,63099766,0,0,7,-63065030,142,1,0,268,15,126,3.240223928941852,0,11,10.0,3.121928094887362,0,1,1,1,1.0,90
lumma__91,lumma,13788128,0,0,7,-13628904,26,0,0,247,12,82,3.188721875540867,11,142,14.0,3.378783493486175,0,1,1,1,1.0,91
lumma__92,lumma,63099766,0,0,7,-63070206,61,1,0,287,19,93,3.536886723742168,0,2,11.0,2.73215889136457,0,1,1,1,1.0,92
lumma__93,lumma,13788128,0,0,7,-8556656,32,0,0,1,12,2,3.251629167387823,0,0,13.0,3.026986833359287,0,1,1,1,1.0,93
lumma__94,lumma,63099766,0,0,7,-63086534,58,1,0,290,71,98,3.949013324774086,0,0,14.66666666666667,3.231414996713103,0,3,1,1,9.0,94
lumma__95,lumma,1139110,0,0,6,-159046,23,1,0,305,21,117,3.653756708287001,13,144,17.63636363636364,3.582775812300507,0,2,3,3,3.666666666666667,95
redline__0,redline,1187328,0,0,5,-1142080,0,1,0,133,19,74,3.932138039759375,0,84,0.0,0.0,0,0,1,1,0.0,0
redline__1,redline,1773568,0,1,4,0,74,1,0,291,31,119,4.324848729602135,0,93,0.0,0.0,0,0,1,1,0.0,1
redline__2,redline,425984,0,0,5,612892,39,1,0,0,31,57,4.389364858634393,0,4,15.0,3.299728146064711,0,2,2,2,0.25,2
redline__3,redline,1773568,0,0,4,-512,30,1,0,7,10,11,3.121928094887362,0,2,16.0,3.281588947671421,0,2,2,2,1.0,3
redline__4,redline,15621584,1,0,0,-15482124,0,1,0,272,71,129,4.02484540907344,0,0,18.5,3.493154364111161,0,1,2,2,1.0,4
redline__5,redline,12491264,0,0,4,-10949392,26,1,0,295,21,101,3.463280517810811,1,13,19.0,3.503826366722008,1,2,4,4,1.0,5
redline__6,redline,358240,0,0,4,0,78,1,0,289,11,112,3.027169118440618,1,14,0.0,0.0,0,0,1,1,0.0,6
redline__7,redline,425984,0,0,5,-328192,0,1,0,0,71,39,4.007083086132031,0,7,0.0,0.0,0,0,1,1,0.0,7
redline__8,redline,425984,0,0,5,727040,33,1,0,280,52,108,4.007824094467948,1,35,0.0,0.0,0,0,1,1,0.0,8
redline__9,redline,425984,0,0,5,4820992,0,1,0,208,18,104,3.905764584655453,0,135,17.66666666666667,3.453769576074107,1,1,3,3,1.0,9
redline__10,redline,8041396,0,0,0,-7847860,41,1,0,2,11,109,3.027169118440618,2,68,17.66666666666667,3.453769576074107,1,1,3,3,1.0,10
redline__11,redline,5083778,0,0,8,-3481522,46,1,0,172,35,151,4.335727659493042,1,0,15.0,3.456564762130954,0,1,1,1,1.0,11
redline__12,redline,1187328,0,0,5,0,37,1,0,288,71,101,4.015030394819637,0,117,0.0,0.0,0,0,1,1,0.0,12
redline__13,redline,425984,0,0,5,4526368,0,1,0,7,64,114,4.567988429816491,0,106,15.0,3.299728146064711,0,2,2,2,0.0303030303030303,13
redline__14,redline,562188,0,0,6,-463884,35,1,0,124,19,36,3.892407118592876,2,54,10.0,2.921928094887362,0,1,1,1,1.0,14
redline__15,redline,425984,0,1,5,190976,30,1,0,299,18,102,3.794653473544342,0,71,17.66666666666667,3.453769576074107,1,1,5,5,0.6,15
redline__16,redline,1231360,0,0,5,0,43,1,0,134,71,125,4.067738107068043,0,131,0.0,0.0,0,0,1,1,0.0,16
redline__17,redline,1182208,0,0,5,-1136960,0,1,0,125,14,140,3.521640636343318,0,60,13.0,3.026986833359287,0,1,1,1,1.0,17
redline__18,redline,1773568,0,1,4,0,77,1,0,172,12,106,3.188721875540867,0,47,19.0,3.260828171224456,0,1,0,0,0.0,18
redline__19,redline,8041396,0,0,0,-7721396,64,1,0,280,31,102,4.284683810317086,0,136,18.5,3.493154364111161,0,1,2,2,1.0,19
redline__20,redline,961024,0,0,0,-535552,0,1,0,136,20,135,3.521928094887363,0,42,0.0,0.0,0,0,1,1,0.0,20
redline__21,redline,1167872,0,0,5,-1122624,0,1,0,171,50,38,4.589275070710713,1,6,0.0,0.0,0,0,1,1,0.0,21
redline__22,redline,13117377,0,0,0,-13069249,30,1,0,206,71,34,4.036333478861688,0,6,19.66666666666667,3.194778920163149,0,2,3,3,1.0,22
redline__23,redline,8041396,0,0,0,-7461812,0,1,0,320,96,108,4.183354873354531,1,0,17.66666666666667,3.453769576074107,1,1,3,3,1.0,23
redline__24,redline,425984,0,0,5,4391304,0,1,0,180,43,143,4.164896592899133,0,88,9.0,2.503258334775646,0,1,2,2,0.5,24
redline__25,redline,8041396,0,0,0,-7950260,35,1,0,270,39,252,3.935935796218898,0,72,0.0,0.0,0,0,1,1,0.0,25
redline__26,redline,1185792,0,0,5,0,35,1,0,287,14,106,3.378783493486175,1,191,9.0,2.503258334775646,0,1,2,2,0.5,26
redline__27,redline,670208,1,0,3,0,20,1,0,217,31,152,4.284683810317086,0,90,12.7,3.241442341532565,1,8,16,16,0.625,27
redline__28,redline,5083778,0,0,8,-3236274,43,1,0,0,71,90,3.950381233329737,0,5,15.76470588235294,3.338970472758807,4,7,16,16,1.0625,28
redline__29,redline,425984,0,0,5,-328192,0,1,0,4,41,156,3.96746131047928,1,258,9.0,2.503258334775646,0,1,2,2,0.5,29
redline__30,redline,425984,0,1,5,656896,30,1,0,240,19,72,3.426367488473227,1,12,14.0,3.664497779200461,0,1,1,1,1.0,30
redline__31,redline,359816,0,0,4,0,0,1,0,0,64,2,4.626964015923012,0,0,18.0,3.725480556997868,0,1,1,1,1.0,31
redline__32,redline,7143424,0,0,6,-6835712,27,1,0,42,30,17,3.764735178725505,0,12,13.5,3.345742306279874,0,2,2,2,1.0,32
redline__33,redline,1193984,0,0,5,-1148736,0,1,0,309,12,115,2.625814583693912,0,0,0.0,0.0,0,0,1,1,0.0,33
redline__34,redline,7143424,0,0,6,-6863360,0,1,0,194,21,83,3.613054185797794,25,477,17.66666666666667,3.453769576074107,1,1,3,3,1.0,34
redline__35,redline,738824,1,0,0,0,22,1,0,290,17,164,3.616874605956222,0,111,15.5,3.376243752361862,0,2,5,5,0.8,35
redline__36,redline,12491264,0,0,4,-12333184,26,1,0,321,13,129,3.334679141051595,0,87,9.0,2.503258334775646,0,1,2,2,0.5,36
redline__37,redline,1773568,0,0,4,0,74,1,0,285,31,105,4.324848729602135,1,148,0.0,0.0,0,0,1,1,0.0,37
redline__38,redline,8041396,0,0,0,-7629236,0,1,0,106,11,129,3.027169118440618,1,64,17.0,3.572469458770135,0,1,1,1,0.02857142857142857,38
redline__39,redline,24156672,0,0,6,-20266496,23,1,0,68,71,166,4.042973881706912,4,13,0.0,0.0,0,0,1,1,0.0,39
redline__40,redline,425984,0,1,5,656896,0,1,0,189,12,71,3.41829583405449,0,0,0.0,0.0,0,0,2,2,0.0,40
redline__41,redline,425984,0,0,5,1395200,0,1,0,0,27,55,3.43971065015136,0,21,18.5,3.493154364111161,0,1,2,2,1.0,41
redline__42,redline,425984,0,1,5,3835392,30,1,0,310,15,141,3.323231428797621,0,10,9.0,2.503258334775646,0,1,2,2,0.5,42
redline__43,redline,425984,0,0,5,4820992,30,1,0,53,39,137,4.006573937300012,87,108,9.0,2.503258334775646,0,1,2,2,0.5,43
redline__44,redline,425984,0,0,5,4820992,0,1,0,238,31,188,4.220167681284828,0,42,13.5,3.237413803615832,0,1,0,0,0.0,44
redline__45,redline,1773568,0,1,4,0,0,1,0,0,64,11,4.45412973485082,1,0,17.66666666666667,3.453769576074107,1,1,3,3,1.0,45
redline__46,redline,2194432,0,0,5,-1768960,27,1,0,312,10,112,2.921928094887362,0,1,9.0,2.503258334775646,0,1,2,2,0.5,46
redline__47,redline,425984,0,0,5,440832,32,1,0,265,31,213,4.103727665980414,1,147,0.0,0.0,0,0,1,1,0.0,47
redline__48,redline,642048,1,0,3,0,20,1,0,0,64,7,4.464003710565654,0,0,0.0,0.0,0,0,1,1,0.0,48
redline__49,redline,961024,0,0,5,-535552,27,1,0,258,31,102,4.349199939349344,0,41,16.33333333333333,3.539912488297473,0,5,2,2,4.5,49
redline__50,redline,425984,0,0,5,-198656,0,1,0,100,64,40,4.501964015923012,0,86,0.0,0.0,0,0,1,1,0.0,50
redline__51,redline,358240,0,0,4,0,0,1,0,99,9,91,2.725480556997868,0,12,0.0,0.0,0,0,1,1,0.0,51
redline__52,redline,26435584,1,0,3,-26071552,21,1,0,271,24,129,3.720175521464345,0,0,0.0,0.0,0,0,1,1,0.0,52
redline__53,redline,425984,0,0,5,3361872,0,1,0,279,31,201,4.143892585265464,4,54,0.0,0.0,0,0,1,1,0.0,53
redline__54,redline,1247232,0,0,5,0,38,1,0,260,31,121,4.284683810317086,0,0,0.0,0.0,0,0,1,1,0.0,54
redline__55,redline,7143424,0,0,6,-1896448,25,1,0,153,35,103,4.221441945207328,1,12,0.0,0.0,0,0,1,1,0.0,55
redline__56,redline,1167872,0,0,5,-1122624,0,1,0,255,71,159,4.010446902435235,0,43,11.0,3.095795255000934,0,1,2,2,0.5,56
redline__57,redline,425984,0,0,5,738816,0,1,0,219,43,114,3.958371371475034,0,88,0.0,0.0,0,0,1,1,0.0,57
redline__58,redline,425984,0,1,5,656896,0,1,0,17,71,100,4.071957774819164,1,42,0.0,0.0,0,0,1,1,0.0,58
redline__59,redline,2007552,0,0,0,3239424,25,1,0,38,23,33,3.480083695187448,0,6,13.0,3.026986833359287,0,1,1,1,1.0,59
redline__60,redline,26435584,1,0,3,-26071552,0,1,0,215,12,116,3.251629167387823,177,67,15.0,3.299728146064711,0,2,2,2,0.03076923076923077,60
redline__61,redline,425984,0,1,5,955904,30,1,0,176,47,164,4.179499692462942,0,70,0.0,0.0,0,0,2,2,0.0,61
redline__62,redline,1773568,0,1,4,0,56,1,0,77,39,156,3.965301104622145,129,183,0.0,0.0,0,0,1,1,0.0,62
redline__63,redline,648704,0,0,3,-456704,0,1,0,97,39,54,4.09656816818019,0,5,0.0,0.0,0,0,1,1,0.0,63
redline__64,redline,423800,0,0,0,2212240,18,1,0,219,36,184,4.086048612313038,0,118,9.0,2.503258334775646,0,1,2,2,0.5,64
redline__65,redline,8041396,0,0,0,-7556020,0,1,0,267,39,111,4.047846769977879,0,161,18.0,3.350209029099897,0,1,2,2,0.5,65
redline__66,redline,425984,0,0,5,-132496,0,1,0,263,52,115,4.29863485295684,0,106,17.66666666666667,3.453769576074107,1,1,3,3,1.0,66
redline__67,redline,1773568,0,1,4,0,74,1,0,27,15,129,3.323231428797621,0,60,15.0,3.299728146064711,0,2,2,2,0.01869158878504673,67
redline__68,redline,1186304,0,0,5,-1141056,0,1,0,242,42,112,3.778640339187871,0,51,0.0,0.0,0,0,1,1,0.0,68
redline__69,redline,4312576,0,0,5,-3887104,28,1,0,217,12,112,3.41829583405449,1,0,20.0,3.584183719779189,0,1,1,1,1.0,69
redline__70,redline,24156672,0,0,6,-23904184,26,1,0,227,14,87,3.09306920777189,0,61,9.0,2.503258334775646,0,1,2,2,0.5,70
redline__71,redline,425984,0,1,5,955904,30,1,0,288,31,65,4.15565155225257,0,16,0.0,0.0,0,0,1,1,0.0,71
redline__72,redline,548352,1,0,3,0,22,1,0,142,64,75,4.429229296672175,1,12,17.66666666666667,3.453769576074107,1,1,3,3,1.0,72
redline__73,redline,1182720,0,0,5,-1137472,0,1,0,191,71,51,4.122444052122784,0,2,13.5,3.345742306279874,0,2,2,2,1.0,73
redline__74,redline,654832,0,0,0,-652323,104,0,0,37,94,33,4.288187194734005,0,3,11.5,2.974457464123325,0,1,2,2,1.0,74
redline__75,redline,1773568,0,1,4,0,58,1,0,269,31,200,4.195816471537618,0,143,0.0,0.0,0,0,1,1,0.0,75
redline__76,redline,425984,0,0,5,4820992,30,1,0,293,39,125,3.919140359499575,0,131,0.0,0.0,0,0,1,1,0.0,76
redline__77,redline,24156672,0,0,6,-21008896,21,1,0,0,17,117,3.85216872360328,1,6,0.0,0.0,0,0,2,2,0.0,77
redline__78,redline,12491264,0,0,4,-9049760,34,1,0,276,14,83,3.467720100474499,0,77,0.0,0.0,0,0,1,1,0.0,78
redline__79,redline,425984,0,1,5,3221280,0,1,0,326,10,114,2.921928094887362,0,0,0.0,0.0,0,0,1,1,0.0,79
redline__80,redline,1773568,0,0,4,-512,0,1,0,263,22,167,3.697845823084412,0,29,0.0,0.0,0,0,1,1,0.0,80
redline__81,redline,1773568,0,0,4,0,53,1,0,283,25,85,4.293660689688186,0,0,17.0,3.572469458770135,0,1,1,1,0.0196078431372549,81
redline__82,redline,425984,0,0,5,235472,0,1,0,277,15,188,3.773557262275186,0,1,0.0,0.0,0,0,1,1,0.0,82
redline__83,redline,7143424,0,0,6,-2960312,0,1,0,117,19,64,3.681880802803402,3,58,19.0,3.523497482667171,0,2,3,3,1.0,83
redline__84,redline,1773568,0,1,4,0,55,1,0,318,15,52,3.456564762130954,0,0,15.0,3.299728146064711,0,2,2,2,0.03703703703703703,84
redline__85,redline,1773568,0,0,4,-512,14,1,0,0,71,147,4.105949987662368,1,0,17.66666666666667,3.453769576074107,1,1,3,3,1.0,85
redline__86,redline,425984,0,1,5,656896,30,1,0,288,30,130,4.081727678869736,0,108,0.0,0.0,0,0,1,1,0.0,86
redline__87,redline,359816,0,0,4,0,78,1,0,240,13,277,3.546593564294939,10,136,0.0,0.0,0,0,1,1,0.0,87
redline__88,redline,2167808,0,0,0,1661200,27,1,0,4,71,146,3.97659298702808,2,49,15.0,3.299728146064711,0,2,2,2,0.02,88
redline__89,redline,425984,0,1,5,718336,0,1,0,57,13,182,3.085055102756477,1,29,17.66666666666667,3.453769576074107,1,1,3,3,1.0,89
redline__90,redline,24156672,0,0,6,-24015360,27,1,0,0,29,27,4.168325822713779,0,0,0.0,0.0,0,0,1,1,0.0,90
redline__91,redline,523947,0,0,3,0,39,1,0,276,71,37,3.998446775539254,1,69,0.0,0.0,0,0,1,1,0.0,91
redline__92,redline,7143424,0,0,6,-6717952,22,1,0,0,64,5,4.435328664259099,0,20,0.0,0.0,0,0,1,1,0.0,92
redline__93,redline,1058304,1,1,3,0,25,1,0,289,8,82,2.75,0,0,0.0,0.0,0,0,1,1,0.0,93
redline__94,redline,9519769,0,0,7,-8005785,15,0,0,100,64,116,4.570563383509937,10,116,0.0,0.0,0,0,1,1,0.0,94
redline__95,redline,425984,0,1,5,4800512,0,1,0,191,31,115,4.147114052043202,1,6,0.0,0.0,0,0,1,1,0.0,95
redline__96,redline,1187328,0,0,5,-1142080,0,1,0,171,31,142,4.260332600569877,14,125,18.0,3.725480556997868,0,1,1,1,1.0,96
redline__97,redline,425984,0,1,5,718336,28,1,0,257,11,140,3.027169118440618,0,0,0.0,0.0,0,0,2,2,0.0,97
redline__98,redline,778752,1,0,3,0,0,1,0,252,23,143,3.675310868912363,0,51,0.0,0.0,0,0,1,1,0.0,98
redline__99,redline,961024,0,0,0,-535552,27,1,0,269,13,89,3.334679141051595,16,29,17.66666666666667,3.453769576074107,1,1,3,3,1.0,99
redline__100,redline,1773568,0,0,4,0,56,1,0,100,18,87,3.503258334775646,0,12,10.0,2.921928094887362,0,1,1,1,1.0,100
redline__101,redline,2007552,0,0,0,-725504,51,1,0,160,71,119,4.080957910045221,0,123,10.0,2.921928094887362,0,1,1,1,1.0,101
redline__102,redline,425984,0,0,5,-130048,0,1,0,0,31,29,4.195816471537618,0,2,0.0,0.0,0,0,1,1,0.0,102
redline__103,redline,8041396,0,0,0,-7085492,0,1,0,310,10,112,2.921928094887362,0,0,10.0,2.921928094887362,0,1,1,1,1.0,103
redline__104,redline,843264,1,0,3,0,26,1,0,283,71,112,4.050565135957147,1,1,15.0,3.299728146064711,0,2,2,2,0.4,104
redline__105,redline,425984,0,1,5,955904,0,1,0,122,71,40,3.902453988556267,8,32,18.5,3.493154364111161,0,1,2,2,1.0,105
redline__106,redline,425984,0,1,5,607232,30,1,0,263,20,112,3.441446071165522,0,127,9.0,2.503258334775646,0,1,2,2,0.5,106
redline__107,redline,17212416,0,0,4,-17114624,16,1,0,10,16,134,3.577819531114783,1,12,0.0,0.0,0,0,1,1,0.0,107
redline__108,redline,425984,0,1,5,607232,0,1,0,182,64,62,4.692988429816491,0,12,0.0,0.0,0,0,1,1,0.0,108
redline__109,redline,425984,0,0,5,4820992,30,1,0,149,18,78,3.572431251322119,0,12,17.66666666666667,3.453769576074107,1,1,3,3,1.0,109
redline__110,redline,7143424,0,0,6,-4606059,22,1,0,289,39,169,3.914019053340094,0,182,9.0,2.503258334775646,0,1,2,2,0.5,110
redline__111,redline,1773568,0,1,4,0,40,1,0,310,39,131,4.025930027099076,0,174,0.0,0.0,0,0,1,1,0.0,111
redline__112,redline,425984,0,0,5,-294400,0,1,0,157,17,156,3.734521664779751,1,124,17.33333333333333,3.571605443902747,2,2,5,5,0.6,112
redline__113,redline,1161728,0,0,5,-1116480,0,1,0,261,30,119,4.053235913127292,0,98,14.0,3.664497779200461,0,1,1,1,1.0,113
redline__114,redline,1773568,0,1,4,0,37,1,0,155,71,107,4.109944128216256,8,11,18.5,3.493154364111161,0,1,2,2,1.0,114
redline__115,redline,24156672,0,0,6,-20774880,34,1,0,172,71,138,4.027168819151666,2,98,23.0,3.882045108136862,0,1,2,2,0.5,115
redline__116,redline,1193984,0,0,5,0,36,1,0,318,12,117,3.41829583405449,0,4,0.0,0.0,0,0,1,1,0.0,116
redline__117,redline,425984,0,0,5,612892,0,1,0,130,16,39,3.452819531114783,1,44,17.66666666666667,3.453769576074107,1,1,3,3,1.0,117
redline__118,redline,12491264,0,0,4,-10624784,27,1,0,169,12,73,3.41829583405449,0,12,0.0,0.0,0,0,1,1,0.0,118
redline__119,redline,425984,0,1,5,281902,0,1,0,172,26,120,3.873140679513133,1,5,0.0,0.0,0,0,1,1,0.0,119
redline__120,redline,1648640,0,0,5,0,39,1,0,317,31,113,4.13130034250536,0,0,0.0,0.0,0,0,2,2,0.0,120
redline__121,redline,2007552,0,0,0,-784896,25,1,0,137,20,131,3.521928094887363,0,101,13.69565217391304,3.202094101974439,1,10,35,35,0.5476190476190477,121
redline__122,redline,2148864,0,0,5,-1723392,27,1,0,260,71,97,4.025987790431858,0,2,19.0,3.007868802733439,0,2,2,2,1.0,122
redline__123,redline,2148864,0,0,5,-1723392,28,1,0,162,11,65,3.095795255000934,0,0,0.0,0.0,0,0,1,1,0.0,123
redline__124,redline,5083778,0,0,8,-4696498,46,1,0,279,71,191,4.047516401671142,0,17,18.5,3.493154364111161,0,1,2,2,1.0,124
redline__125,redline,1773568,0,1,4,0,83,1,0,98,30,77,3.856564762130954,0,128,11.0,3.095795255000934,0,1,3,3,0.25,125
redline__126,redline,24156672,0,0,6,-23731200,28,1,0,127,66,137,4.282565711214606,0,81,0.0,0.0,0,0,1,1,0.0,126
redline__127,redline,5083778,0,0,8,-578446,46,1,0,260,18,135,3.614369445886757,0,38,0.0,0.0,0,0,1,1,0.0,127
redline__128,redline,2154496,0,0,5,-1729024,27,1,0,211,8,178,2.75,60,47,15.0,3.299728146064711,0,2,2,2,0.01818181818181818,128
redline__129,redline,425984,0,1,5,1580032,33,1,0,191,71,67,3.969649762262844,0,24,17.66666666666667,3.453769576074107,1,1,3,3,1.0,129
redline__130,redline,1259008,0,0,5,0,40,1,0,1,22,6,3.879664004902594,0,0,0.0,0.0,0,0,1,1,0.0,130
redline__131,redline,1177088,0,0,0,-1131840,0,1,0,211,71,81,4.046473670387382,1,3,0.0,0.0,0,0,1,1,0.0,131
redline__132,redline,425984,0,0,5,-239616,0,1,0,293,39,99,3.897223616620771,1,35,0.0,0.0,0,0,1,1,0.0,132
redline__133,redline,961024,0,0,0,-535552,42,1,0,145,11,73,3.277613436819116,0,18,19.66666666666667,3.194778920163149,0,2,2,2,1.0,133
redline__134,redline,1773568,0,1,4,0,83,1,0,107,23,155,3.757925413690195,0,24,15.0,3.299728146064711,0,2,2,2,0.4,134
redline__135,redline,1317888,0,0,5,0,50,1,0,264,18,108,4.058813890331201,0,138,13.0,3.026986833359287,0,1,1,1,1.0,135
redline__136,redline,425984,0,0,5,695808,0,1,0,37,18,44,4.058813890331201,0,17,0.0,0.0,0,0,1,1,0.0,136
redline__137,redline,9519769,0,0,7,-4288297,31,0,0,95,71,116,4.000670535542822,0,46,0.0,0.0,0,0,1,1,0.0,137
redline__138,redline,1172992,0,0,0,-1127744,0,1,0,317,20,110,3.984183719779189,0,143,20.0,3.584183719779189,0,1,1,1,1.0,138
redline__139,redline,1161728,0,0,5,-1116480,0,1,0,34,28,37,4.324862957617357,0,36,9.0,2.503258334775646,0,1,2,2,0.5,139
redline__140,redline,2194432,0,0,5,-1768960,28,1,0,184,13,105,3.238901256602631,1,58,15.0,3.299728146064711,0,2,2,2,0.02352941176470588,140
redline__141,redline,24156672,0,0,6,-19973560,29,1,0,306,14,100,3.235926350629033,0,0,13.66666666666667,3.191189223105249,0,1,3,3,0.75,141
redline__142,redline,548352,1,0,0,0,27,1,0,282,30,173,4.164735178725505,0,21,0.0,0.0,0,0,1,1,0.0,142
redline__143,redline,8041396,0,0,0,-8030132,30,1,0,290,18,139,3.94770277922009,0,84,9.0,2.503258334775646,0,1,2,2,0.5,143
redline__144,redline,1264128,0,0,5,0,39,1,0,43,18,32,3.683542362433231,0,4,17.66666666666667,3.453769576074107,1,1,4,4,0.75,144
redline__145,redline,425984,0,0,5,4820992,0,1,0,278,71,158,4.084685550981706,0,141,13.0,3.026986833359287,0,1,1,1,1.0,145
redline__146,redline,5083778,0,0,8,-4701826,41,1,0,100,71,56,4.093586036133106,0,6,17.5,3.280730656257628,0,1,4,4,0.5,146
redline__147,redline,9519769,0,0,7,-9449793,28,0,0,213,31,110,4.17146526179041,0,67,0.0,0.0,0,0,1,1,0.0,147
redline__148,redline,1140736,0,0,0,0,33,1,0,296,18,112,3.683542362433231,5,8,0.0,0.0,0,0,1,1,0.0,148
redline__149,redline,8041396,0,0,0,-7085492,0,1,0,282,14,87,3.467720100474499,1,12,18.5,3.493154364111161,0,1,2,2,1.0,149
redline__150,redline,8041396,0,0,0,-5910964,0,1,0,142,9,64,2.94770277922009,0,8,12.0,3.41829583405449,0,1,1,1,1.0,150
redline__151,redline,1182720,0,0,5,-1137472,0,1,0,191,19,80,4.037401197654112,0,12,17.66666666666667,3.453769576074107,1,1,3,3,1.0,151
redline__152,redline,425984,0,1,5,2653832,30,1,0,276,44,191,4.3542227440216,0,27,18.5,3.493154364111161,0,1,2,2,1.0,152
redline__153,redline,12491264,0,0,4,-11326464,33,1,0,259,71,142,4.042707382089508,0,6,17.66666666666667,3.453769576074107,1,1,3,3,1.0,153
redline__154,redline,8041396,0,0,0,-7085492,64,1,0,135,43,143,4.164896592899133,0,89,15.0,3.299728146064711,0,2,2,2,0.4,154
redline__155,redline,12491264,0,0,4,-9246720,49,1,0,102,21,41,3.463280517810811,0,27,9.0,2.503258334775646,0,1,2,2,0.5,155
redline__156,redline,1189888,0,0,5,-1144640,0,1,0,150,12,41,2.751629167387823,0,57,0.0,0.0,0,0,1,1,0.0,156
redline__157,redline,1184256,0,0,5,-1139008,0,1,0,0,71,129,4.082953817792775,1,187,0.0,0.0,0,0,1,1,0.0,157
redline__158,redline,425984,0,0,5,2078208,0,1,0,164,31,194,4.018081793978685,3,162,0.0,0.0,0,0,1,1,0.0,158
redline__159,redline,1174528,0,0,5,-1129280,0,1,0,166,31,78,4.220167681284828,0,129,0.0,0.0,0,0,1,1,0.0,159
redline__160,redline,1773568,0,1,4,0,72,1,0,82,18,105,3.572431251322119,3,88,15.0,3.299728146064711,0,2,2,2,0.25,160
redline__161,redline,12491264,0,0,4,-12407936,25,1,0,266,39,123,3.90400983473591,4,148,0.0,0.0,0,0,1,1,0.0,161
redline__162,redline,1187328,0,0,5,-1142080,0,1,0,271,44,106,4.308768198567054,0,121,17.66666666666667,3.453769576074107,1,1,3,3,1.0,162
redline__163,redline,425984,0,0,5,423376,0,1,0,273,31,126,4.15565155225257,1,93,0.0,0.0,0,0,1,1,0.0,163
redline__164,redline,425984,0,0,5,-122416,0,1,0,193,14,19,3.378783493486175,0,8,0.0,0.0,0,0,1,1,0.0,164
redline__165,redline,1773568,0,1,4,0,75,1,0,59,11,239,3.027169118440618,0,2,0.0,0.0,0,0,1,1,0.0,165
redline__166,redline,425984,0,0,5,4820992,30,1,0,204,13,213,3.546593564294939,0,115,0.0,0.0,0,0,1,1,0.0,166
redline__167,redline,26435584,1,0,3,-26071552,29,1,0,314,15,109,3.456564762130954,0,0,0.0,0.0,0,0,1,1,0.0,167
redline__168,redline,425984,0,0,5,4391304,30,1,0,290,71,99,4.067640782052166,0,84,9.0,2.503258334775646,0,1,2,2,0.5,168
redline__169,redline,425984,0,0,5,727040,0,1,0,155,27,93,3.930270372293453,1,28,18.5,3.493154364111161,0,1,2,2,1.0,169
redline__170,redline,7143424,0,0,6,-6097344,0,1,0,247,31,80,4.103727665980414,0,0,0.0,0.0,0,0,1,1,0.0,170
redline__171,redline,2007552,0,0,0,-1969152,0,1,0,159,31,199,4.309035020064294,0,61,0.0,0.0,0,0,1,1,0.0,171
redline__172,redline,425984,0,1,5,190976,0,1,0,202,39,121,4.182336834024969,0,30,0.0,0.0,0,0,1,1,0.0,172
redline__173,redline,26435584,1,0,3,-25380864,19,1,0,309,23,70,4.001822825622231,0,145,13.0,3.026986833359287,0,1,1,1,1.0,173
redline__174,redline,5083778,0,0,8,-291822,46,1,0,192,31,84,4.235981390822668,1,6,28.0,4.154074499959366,0,2,1,1,2.0,174
redline__175,redline,708096,1,0,3,0,26,1,0,270,71,107,4.021934972223483,0,71,0.0,0.0,0,0,1,1,0.0,175
redline__176,redline,425984,0,0,5,-383488,0,1,0,155,20,65,3.784183719779189,1,0,0.0,0.0,0,0,1,1,0.0,176
redline__177,redline,425984,0,1,5,190976,30,1,0,1,14,92,3.235926350629033,2,46,19.0,3.260828171224456,0,1,0,0,0.0,177
redline__178,redline,840704,1,0,3,0,28,1,0,218,27,69,3.926571651178273,0,12,0.0,0.0,0,0,1,1,0.0,178
redline__179,redline,24156672,0,0,6,-23110592,29,1,0,319,20,77,3.403701696057349,5,0,9.0,2.503258334775646,0,1,2,2,0.5,179
redline__180,redline,7143424,0,0,6,-1896448,51,1,0,280,11,169,3.095795255000934,0,110,13.0,3.026986833359287,0,1,1,1,1.0,180
redline__181,redline,1773568,0,0,4,0,56,1,0,261,71,119,4.028839549627329,1,0,18.5,3.493154364111161,0,1,2,2,1.0,181
redline__182,redline,5083778,0,0,8,-4632194,47,1,0,270,75,133,4.163698238874258,0,6,0.0,0.0,0,0,1,1,0.0,182
redline__183,redline,425984,0,0,5,673172,0,1,0,142,39,64,4.384904386073434,0,95,0.0,0.0,0,0,1,1,0.0,183
redline__184,redline,1773568,0,1,4,0,78,1,0,165,18,80,3.836591668108979,0,128,4.0,2.0,0,1,1,1,1.0,184
redline__185,redline,1163264,0,0,5,0,44,1,0,311,39,114,3.996564718695828,0,206,0.0,0.0,0,0,1,1,0.0,185
redline__186,redline,425984,0,0,5,4526368,0,1,0,323,52,113,3.989022055454728,1,0,4.0,2.0,0,1,1,1,1.0,186
redline__187,redline,7143424,0,0,6,-7016448,0,1,0,123,42,134,4.216506042177471,0,77,0.0,0.0,0,0,1,1,0.0,187
redline__188,redline,1186304,0,0,5,-1141056,0,1,0,0,11,139,3.027169118440618,2,101,13.5,3.345742306279874,0,2,2,2,1.0,188
redline__189,redline,9519769,0,0,7,-9239737,28,0,0,130,31,224,3.977916874693636,150,123,9.0,2.503258334775646,0,1,2,2,0.5,189
redline__190,redline,9519769,0,0,7,-9432897,27,0,0,303,71,106,4.128984804893349,0,72,0.0,0.0,0,0,1,1,0.0,190
redline__191,redline,1179648,0,0,5,0,38,1,0,42,71,182,3.924671601700721,1,4,0.0,0.0,0,0,1,1,0.0,191
redline__192,redline,1167360,0,0,5,-1122112,0,1,0,188,12,97,3.188721875540867,1,6,12.4375,3.024448551226533,1,6,10,10,1.6,192
redline__193,redline,425984,0,0,5,2298960,0,1,0,317,31,119,4.220167681284828,0,0,11.5,2.974457464123325,0,1,3,3,0.6666666666666666,193
redline__194,redline,425984,0,0,5,4820992,0,1,0,179,71,115,4.022623974128654,1,6,15.0,3.299728146064711,0,2,3,3,0.01923076923076923,194
redline__195,redline,359936,0,0,4,0,21,1,0,237,13,106,3.546593564294939,0,117,17.0,3.550240278498934,1,1,2,2,1.0,195
redline__196,redline,4450304,0,0,0,-4435456,0,1,0,135,71,60,4.068780838351802,1,28,0.0,0.0,0,0,1,1,0.0,196
redline__197,redline,425984,0,1,5,656896,0,1,0,71,71,201,3.892311471971791,0,1,0.0,0.0,0,0,1,1,0.0,197
redline__198,redline,8041396,0,0,0,-7720884,64,1,0,105,71,69,4.102222346725883,0,0,0.0,0.0,0,0,1,1,0.0,198
redline__199,redline,425984,0,0,5,-254976,0,1,0,91,11,65,3.027169118440618,1,0,0.0,0.0,0,0,1,1,0.0,199
redline__200,redline,589312,1,0,0,0,22,1,0,307,22,69,3.823067982273661,0,161,0.0,0.0,0,0,1,1,0.0,200
redline__201,redline,8041396,0,0,0,-5910964,0,1,0,163,71,64,3.987550382640301,1,1,0.0,0.0,0,0,1,1,0.0,201
redline__202,redline,425984,0,0,5,695808,0,1,0,199,12,43,3.188721875540867,0,36,10.0,2.921928094887362,0,1,1,1,1.0,202
redline__203,redline,24156672,0,0,6,-24072632,25,1,0,278,39,218,3.90657048781565,1,27,0.0,0.0,0,0,1,1,0.0,203
redline__204,redline,9519769,0,0,7,-4272793,29,0,0,189,13,180,3.546593564294939,0,148,17.66666666666667,3.453769576074107,1,1,3,3,1.0,204
redline__205,redline,2735184,0,0,8,-2427472,32,1,0,302,30,102,4.189898095464287,0,29,16.0,3.375,1,1,2,2,0.5,205
redline__206,redline,1193984,0,0,5,-1148736,0,1,0,318,16,116,3.452819531114783,0,0,17.66666666666667,3.453769576074107,1,1,3,3,1.0,206
redline__207,redline,9519769,0,0,7,-9433785,24,0,0,0,19,0,3.426367488473227,0,0,17.66666666666667,3.453769576074107,1,1,3,3,1.0,207
redline__208,redline,1773568,0,1,4,0,74,1,0,309,71,84,4.050429163579881,0,4,13.0,3.026986833359287,0,1,1,1,1.0,208
redline__209,redline,352768,0,0,6,-33280,68,1,0,310,20,102,3.384183719779189,0,6,0.0,0.0,0,0,1,1,0.0,209
redline__210,redline,1773568,0,1,4,0,59,1,0,304,39,53,3.989778500580689,18,54,59.0,3.98367525245832,0,1,0,0,0.0,210
redline__211,redline,1167872,0,0,5,0,45,1,0,283,71,180,4.064827670218086,0,232,0.0,0.0,0,0,1,1,0.0,211
redline__212,redline,425984,0,0,5,695808,30,1,0,232,13,271,3.546593564294939,5,141,13.0,3.026986833359287,0,1,1,1,1.0,212
redline__213,redline,589312,1,0,0,0,0,1,0,163,71,103,4.106442014477004,0,0,0.0,0.0,0,0,1,1,0.0,213
redline__214,redline,29696,0,0,6,0,0,1,0,92,52,126,4.627854381394605,13,140,0.0,0.0,0,0,1,1,0.0,214
redline__215,redline,961024,0,0,5,-535552,0,1,0,98,60,65,4.141667212304602,0,6,13.5,3.345742306279874,0,2,2,2,1.0,215
redline__216,redline,2007552,0,0,0,-616448,37,1,0,303,12,138,3.41829583405449,0,14,13.5,3.345742306279874,0,2,2,2,1.0,216
redline__217,redline,12491264,0,0,4,-11968512,46,1,0,261,31,190,4.235981390822668,0,30,0.0,0.0,0,0,1,1,0.0,217
redline__218,redline,425984,0,0,5,738816,0,1,0,303,19,78,3.787143960698139,5,0,10.0,2.921928094887362,0,1,1,1,1.0,218
redline__219,redline,2223616,0,0,5,-1798144,28,1,0,117,10,65,3.121928094887362,0,74,0.0,0.0,0,0,1,1,0.0,219
redline__220,redline,1182208,0,0,5,-1136960,0,1,0,52,10,141,3.121928094887362,2,131,0.0,0.0,0,0,1,1,0.0,220
redline__221,redline,1870427,0,0,0,-603,32,0,0,278,45,110,4.366759974483215,0,56,13.0,3.026986833359287,0,1,1,1,1.0,221
redline__222,redline,592384,1,0,5,-104448,18,0,0,188,71,41,3.91335038145522,0,6,10.0,2.921928094887362,0,1,1,1,1.0,222
redline__223,redline,840704,1,0,3,-532992,16,1,0,224,18,114,3.683542362433231,0,91,0.0,0.0,0,0,1,1,0.0,223
redline__224,redline,3139072,0,0,0,-2688000,18,1,0,95,71,44,3.99504431187466,0,117,23.5,3.281140775807622,0,1,1,1,2.0,224
redline__225,redline,12491264,0,0,4,-12413568,28,1,0,314,71,141,4.075459888558416,1,144,9.0,2.503258334775646,0,1,2,2,0.5,225
redline__226,redline,2167808,0,0,0,-1128960,30,1,0,100,64,31,4.372174852072124,0,118,10.0,2.921928094887362,0,1,1,1,1.0,226
redline__227,redline,7143424,0,0,6,-3761632,34,1,0,155,71,177,4.024945059148099,0,55,0.0,0.0,0,0,1,1,0.0,227
redline__228,redline,778752,1,0,3,0,0,1,0,204,31,94,4.091135423220312,0,127,0.0,0.0,0,0,1,1,0.0,228
redline__229,redline,1174528,0,0,5,-1129280,0,1,0,98,14,103,3.324862957617357,0,76,9.0,2.503258334775646,0,1,2,2,0.5,229
redline__230,redline,1536152,0,0,0,-1298584,27,1,0,210,14,126,3.378783493486175,0,27,17.0,3.421135039254986,1,2,4,4,1.0,230
redline__231,redline,1167360,0,0,5,-1122112,0,1,0,0,64,24,4.630488429816491,0,3,9.0,2.503258334775646,0,1,2,2,0.5,231
redline__232,redline,8041396,0,0,0,-7629236,64,1,0,291,47,132,3.995350287525631,0,176,13.5,3.345742306279874,0,2,3,3,0.6666666666666666,232
redline__233,redline,425984,0,0,5,440832,25,1,0,115,33,69,3.899714194788231,228,263,19.8,3.463316611656748,0,1,4,4,1.25,233
redline__234,redline,684544,0,0,3,0,36,1,0,227,71,74,4.030896460088151,0,0,18.5,3.447160555530147,1,2,4,4,1.0,234
redline__235,redline,5083778,0,0,8,-4701826,40,1,0,211,71,81,4.100126788903671,1,13,15.0,3.299728146064711,0,2,2,2,1.0,235
redline__236,redline,961024,0,0,5,-535552,0,1,0,173,71,106,4.103628902642923,0,26,0.0,0.0,0,0,1,1,0.0,236
redline__237,redline,1773568,0,1,4,0,57,1,0,37,18,42,3.836591668108979,0,7,17.66666666666667,3.453769576074107,1,1,3,3,1.0,237
redline__238,redline,1148416,0,0,5,0,40,1,0,269,71,148,3.981235157066968,0,126,0.0,0.0,0,0,1,1,0.0,238
redline__239,redline,425984,0,1,5,3835392,0,1,0,313,71,133,4.086681458729259,0,171,17.66666666666667,3.453769576074107,1,1,5,5,0.6,239
redline__240,redline,1186304,0,0,5,0,40,1,0,160,11,41,3.277613436819116,0,58,16.0,3.5,0,1,2,2,0.5,240
redline__241,redline,425984,0,1,5,955904,30,1,0,259,71,108,4.131797916727431,0,14,9.0,2.503258334775646,0,1,3,3,0.3333333333333333,241
redline__242,redline,425984,0,0,5,695808,0,1,0,225,20,76,3.646439344671016,0,2,0.0,0.0,0,0,1,1,0.0,242
redline__243,redline,425984,0,0,5,1203200,0,1,0,246,21,70,3.820888851350189,0,24,9.0,2.503258334775646,0,1,2,2,0.5,243
redline__244,redline,24156672,0,0,6,-24015360,22,1,0,271,71,85,4.027432993710288,0,0,17.66666666666667,3.453769576074107,1,1,4,4,0.75,244
redline__245,redline,425984,0,1,5,-183808,56,1,0,272,15,65,3.456564762130954,0,89,0.0,0.0,0,0,1,1,0.0,245
redline__246,redline,1536152,0,0,0,-326808,88,1,0,122,64,82,4.39707529025077,2,43,15.0,3.299728146064711,0,2,2,2,0.01834862385321101,246
redline__247,redline,9519769,0,0,7,-9399369,32,0,0,277,31,76,4.349199939349344,0,129,0.0,0.0,0,0,2,2,0.0,247
redline__248,redline,4312576,0,0,5,-3464704,18,1,0,21,71,35,3.998674627795268,0,5,18.5,3.493154364111161,0,1,2,2,1.0,248
redline__249,redline,8041396,0,0,0,-7461812,64,1,0,263,31,144,4.13130034250536,10,167,10.0,2.921928094887362,0,1,1,1,1.0,249
redline__250,redline,26435584,1,0,3,-25380864,45,1,0,133,71,47,3.982091008514885,1,106,9.0,2.503258334775646,0,1,2,2,0.5,250
redline__251,redline,1773568,0,1,4,0,58,1,0,273,71,103,4.04270970714829,1,15,0.0,0.0,0,0,1,1,0.0,251
redline__252,redline,425984,0,0,5,-201728,0,1,0,104,71,79,4.089230396004718,1,47,11.33333333333333,3.17953875017993,0,1,12,12,1.846153846153846,252
redline__253,redline,1227264,0,0,5,0,47,1,0,186,71,162,4.031749986477286,0,13,9.0,2.503258334775646,0,1,2,2,0.5,253
redline__254,redline,1163264,0,0,5,-1118016,0,1,0,70,71,125,4.06891913578785,1,0,17.66666666666667,3.453769576074107,1,1,3,3,1.0,254
redline__255,redline,67373764,0,0,0,-66771140,41,1,0,167,19,116,3.576617644908666,258,251,11.5,2.974457464123325,0,2,2,2,1.0,255
redline__256,redline,1177600,0,0,0,0,33,1,0,33,31,36,4.13130034250536,0,2,17.0,3.057476076289931,0,1,0,0,0.0,256
redline__257,redline,425984,0,0,5,1203200,0,1,0,272,39,192,3.90657048781565,0,148,0.0,0.0,0,0,1,1,0.0,257
redline__258,redline,8041396,0,0,0,-7720884,64,1,0,27,30,35,4.148394345536404,0,12,0.0,0.0,0,0,1,1,0.0,258
redline__259,redline,1246720,0,0,5,0,38,1,0,248,31,131,4.260332600569877,0,8,23.0,3.882045108136862,0,1,1,1,1.0,259
wannacry__0,wannacry,3724083,0,0,0,-209715,0,1,0,4,31,71,4.106949132758152,0,14,18.5,3.202523792283469,2,2,3,3,1.333333333333333,0
wannacry__1,wannacry,2884608,0,0,8,-2636224,61,1,0,0,31,0,4.365013648887184,0,0,37.0,3.853273787177403,0,1,2302,2303,0.0004996252810392206,1
wannacry__2,wannacry,5267459,0,0,5,-1753091,21,1,0,72,30,26,4.256564762130954,0,4,49.0,4.05288688466662,0,1,134,134,0.007462686567164179,2
wannacry__3,wannacry,5267459,0,0,5,-1753091,21,1,0,71,24,120,4.136842188131012,0,133,49.0,4.05288688466662,0,1,2299,2300,0.0002707092582566324,3
wannacry__4,wannacry,2884608,0,0,8,-2713480,85,1,0,177,71,45,3.970277761454747,1,22,49.0,4.022075149884438,0,1,732,732,0.001366120218579235,4
wannacry__5,wannacry,3723264,0,0,0,-208896,21,1,0,0,21,20,3.653756708287001,0,0,49.0,4.022075149884438,0,1,2309,2309,0.0002941176470588235,5
wannacry__6,wannacry,2884608,0,0,8,-2746368,0,1,0,48,21,163,3.880179922675738,16,100,49.5,4.091576014955406,0,1,810,810,0.002469135802469136,6
wannacry__7,wannacry,2843136,1,0,3,0,21,1,0,101,71,191,4.087823840087678,0,374,49.5,4.091576014955406,0,1,2312,2312,0.0005943536404160475,7
wannacry__8,wannacry,2884608,0,0,8,-1421400,85,1,0,113,12,54,3.084962500721156,0,12,49.0,4.05288688466662,0,1,2309,2309,0.0002610966057441253,8
wannacry__9,wannacry,2884608,0,0,8,-2717664,0,1,0,51,71,84,4.021896324862094,7,25,49.0,4.05288688466662,0,1,656,656,0.001524390243902439,9
wannacry__10,wannacry,5267459,0,0,0,-1753091,0,1,0,0,21,36,3.653756708287001,0,4,49.5,4.091576014955406,0,1,672,672,0.002976190476190476,10
wannacry__11,wannacry,5267459,0,0,5,-1753091,21,1,0,0,21,44,3.653756708287001,0,0,0.0,0.0,0,0,674,674,0.0,11
wannacry__12,wannacry,5267459,0,0,5,-1544195,21,1,0,119,71,81,3.988178381832204,0,9,49.0,4.05288688466662,0,1,722,722,0.001385041551246537,12
wannacry__13,wannacry,2884608,0,0,8,-2767872,80,1,0,0,21,0,3.880179922675738,0,0,49.0,4.05288688466662,0,1,107,107,0.009345794392523364,13
wannacry__14,wannacry,5267459,0,0,5,-3205521,0,1,0,0,31,0,4.284683810317086,0,0,49.0,4.05288688466662,0,1,683,683,0.001464128843338214,14
wannacry__15,wannacry,5267459,0,0,5,-3205521,21,1,0,91,11,64,3.027169118440618,1,0,49.0,4.05288688466662,0,1,662,662,0.001510574018126888,15
wannacry__16,wannacry,2884608,0,0,8,-2379792,0,1,0,95,71,50,4.056516536897199,0,20,49.0,4.05288688466662,0,1,716,716,0.001396648044692737,16
wannacry__17,wannacry,2884608,0,0,8,-2756448,0,1,0,2,21,55,3.653756708287001,0,4,0.0,0.0,0,0,715,715,0.0,17
wannacry__18,wannacry,2884608,0,0,8,588712,80,1,0,38,31,78,4.389364858634393,0,30,49.0,4.05288688466662,0,1,712,712,0.001404494382022472,18
wannacry__19,wannacry,5267459,0,0,0,-2985987,21,1,0,2,21,44,3.653756708287001,0,4,49.0,4.05288688466662,0,1,0,0,0.0,19
wannacry__20,wannacry,5267459,0,0,5,-1753091,21,1,0,2,21,20,3.653756708287001,0,4,49.66666666666666,4.114742969979061,0,1,2301,2301,0.0007656967840735069,20
wannacry__21,wannacry,5267459,0,0,5,-3205521,21,1,0,0,15,0,3.323231428797621,0,0,49.0,4.022075149884438,0,1,714,714,0.001400560224089636,21
wannacry__22,wannacry,5267459,0,0,5,-2985987,21,1,0,0,31,0,4.192595004759881,0,0,10.0,2.921928094887362,0,1,1,1,1.0,22
wannacry__23,wannacry,5267459,0,0,5,-1544195,21,1,0,7,21,64,3.653756708287001,0,5,49.0,4.05288688466662,0,1,1,1,1.0,23
wannacry__24,wannacry,2884608,0,0,8,-2421528,66,1,0,148,31,234,4.324848729602135,1,18,0.0,0.0,0,0,688,688,0.0,24
wannacry__25,wannacry,5267459,0,0,5,-2985987,0,1,0,4,21,44,3.653756708287001,0,4,49.0,4.022075149884438,0,1,672,672,0.001488095238095238,25
wannacry__26,wannacry,2884608,0,0,8,-2790336,55,1,0,4,31,84,4.235981390822668,0,24,0.0,0.0,0,0,2306,2306,0.0,26
wannacry__27,wannacry,2884608,0,0,8,-2625608,94,1,0,127,71,83,4.083053467867433,0,37,49.0,4.101669732127093,0,1,780,780,0.001282051282051282,27
wannacry__28,wannacry,2884608,0,0,8,-2647040,0,1,0,48,71,76,4.062831762470532,0,46,49.5,4.091576014955406,0,1,2311,2311,0.0004955401387512388,28
wannacry__29,wannacry,2884608,0,0,8,-2652096,51,1,0,91,71,78,3.956243079449822,1,12,49.0,4.022075149884438,0,1,664,664,0.001506024096385542,29
wannacry__30,wannacry,5267459,0,0,5,-1544195,0,1,0,2,13,66,3.180832987205441,0,1,49.0,4.05288688466662,0,1,674,674,0.001483679525222552,30
wannacry__31,wannacry,5267459,0,0,5,-1753091,21,1,0,12,31,131,4.192595004759881,0,20,49.5,4.091576014955406,0,1,724,724,0.002762430939226519,31
wannacry__32,wannacry,5267459,0,0,0,-1753091,0,1,0,118,16,102,3.375,17,134,49.0,4.022075149884438,0,1,705,705,0.001418439716312057,32
wannacry__33,wannacry,5267459,0,0,0,-1544195,21,1,0,134,59,46,4.388762278388661,0,14,49.0,4.05288688466662,0,1,0,0,0.0,33
wannacry__34,wannacry,5267459,0,0,5,-1544195,21,1,0,188,71,140,3.961377276303347,30,303,49.5,4.091576014955406,0,1,742,742,0.002695417789757413,34
wannacry__35,wannacry,2884608,0,0,8,1049032,58,1,0,0,21,0,3.880179922675738,0,0,0.0,0.0,0,0,721,721,0.0,35
wannacry__36,wannacry,5267459,0,0,5,-3205521,21,1,0,145,59,82,4.272580024621317,0,13,49.5,4.091576014955406,0,1,2302,2302,0.0004966476285075739,36
wannacry__37,wannacry,3723264,0,0,4,-208896,21,1,0,0,21,0,3.880179922675738,0,2,49.0,4.05288688466662,0,1,2303,2303,0.0002403268445085316,37
wannacry__38,wannacry,3751936,0,0,0,-237568,21,1,0,0,31,0,4.143892585265464,0,0,49.0,4.05288688466662,0,1,731,731,0.001367989056087551,38
wannacry__39,wannacry,5267459,0,0,5,-1753091,0,1,0,0,21,33,3.880179922675738,1,0,0.0,0.0,0,0,705,705,0.0,39
wannacry__40,wannacry,5267459,0,0,5,-3285956,16,1,0,0,21,44,3.653756708287001,0,0,49.5,4.091576014955406,0,1,2302,2302,0.0004962779156327543,40
wannacry__41,wannacry,5267459,0,0,5,-1544195,0,1,0,0,31,55,4.373551149096552,0,0,49.0,4.175335864258457,0,1,2308,2308,0.0002367424242424242,41
wannacry__42,wannacry,5267459,0,0,0,-1544195,21,1,0,0,48,4,4.323934896284055,0,0,33.0,3.797272304327286,0,1,729,729,0.002743484224965706,42
wannacry__43,wannacry,2884608,0,0,8,-1644128,0,1,0,46,39,59,4.038499898783,0,81,49.0,4.05288688466662,0,1,2302,2302,0.0002087246921310791,43
wannacry__44,wannacry,5267459,0,0,5,-2985987,0,1,0,0,21,44,3.653756708287001,0,0,0.0,0.0,0,0,722,722,0.0,44
wannacry__45,wannacry,2884608,0,0,8,-2760496,58,1,0,156,71,121,3.996312570355653,0,19,49.0,4.022075149884438,0,1,2307,2307,0.0003561253561253561,45
wannacry__46,wannacry,2884608,0,0,8,-1675320,81,1,0,33,66,70,4.317207043668922,0,14,49.5,4.091576014955406,0,1,829,829,0.00241254523522316,46
wannacry__47,wannacry,3514368,0,0,0,-3493888,13,1,0,4,31,71,4.389364858634393,0,19,49.0,4.05288688466662,0,1,0,0,0.0,47
wannacry__48,wannacry,5267459,0,0,0,-1753091,21,1,0,152,31,92,4.260332600569877,0,24,49.0,4.05288688466662,0,1,2305,2305,0.0002323420074349442,48
wannacry__49,wannacry,5267459,0,0,0,-2985987,21,1,0,0,31,102,3.868664553793222,0,31,49.0,4.05288688466662,0,1,663,663,0.001508295625942685,49
wannacry__50,wannacry,5267459,0,0,0,-1544195,0,1,0,0,31,0,4.324848729602135,0,0,49.5,4.091576014955406,0,1,732,732,0.00273224043715847,50
wannacry__51,wannacry,6402560,1,0,3,-6156800,22,1,0,33,21,110,3.653756708287001,1,10,10.48314606741573,3.090138901256076,0,2,1,1,89.0,51
wannacry__52,wannacry,5267459,0,0,5,-1753091,21,1,0,0,31,0,4.235981390822668,0,0,49.0,4.05288688466662,0,1,0,0,0.0,52
wannacry__53,wannacry,5267459,0,0,0,-1544195,0,1,0,94,71,49,3.976229162394799,0,20,49.0,4.022075149884438,0,1,746,746,0.001340482573726542,53
wannacry__54,wannacry,2884608,0,0,8,-2579496,80,1,0,168,29,100,4.349191770915039,16,7,49.0,4.05288688466662,0,1,2304,2304,0.0002320185614849188,54
wannacry__55,wannacry,2884608,0,0,8,-41472,84,1,0,0,21,20,3.653756708287001,0,0,49.0,4.05288688466662,0,1,1,1,1.0,55
wannacry__56,wannacry,3723264,0,0,4,-208896,21,1,0,0,21,0,3.880179922675738,0,0,49.0,4.022075149884438,0,1,2305,2305,0.000388651379712398,56
wannacry__57,wannacry,5267459,0,0,5,-2985987,0,1,0,0,21,20,3.653756708287001,0,0,49.0,4.022075149884438,0,1,677,677,0.001477104874446086,57
wannacry__58,wannacry,5267459,0,0,5,-1753091,21,1,0,0,21,83,3.653756708287001,1,34,49.0,4.022075149884438,0,1,717,717,0.001394700139470014,58
wannacry__59,wannacry,5267459,0,0,0,-1544195,21,1,0,0,21,0,3.880179922675738,0,0,49.0,4.022075149884438,0,1,2302,2302,0.000186880956830499,59
wannacry__60,wannacry,2884608,0,0,8,-2691056,77,1,0,0,21,20,3.653756708287001,0,0,0.0,0.0,0,0,2303,2303,0.0,60
wannacry__61,wannacry,5267459,0,0,0,-1753091,0,1,0,14,31,137,4.091135423220312,0,27,49.0,4.022075149884438,0,1,725,725,0.001379310344827586,61
wannacry__62,wannacry,2884608,0,0,8,-2651584,52,1,0,0,21,20,3.653756708287001,0,0,49.5,4.091576014955406,0,1,725,725,0.002758620689655172,62
wannacry__63,wannacry,3724083,0,0,0,-209715,21,1,0,0,11,68,3.027169118440618,0,3,49.0,4.022075149884438,0,1,1,1,1.0,63
wannacry__64,wannacry,2884608,0,0,8,-2777600,0,1,0,0,21,20,3.653756708287001,0,0,0.0,0.0,0,0,2310,2310,0.0,64
wannacry__65,wannacry,5267459,0,0,5,-1544195,21,1,0,0,21,4,3.653756708287001,0,0,49.0,4.022075149884438,0,1,1347,1347,0.0007423904974016332,65
wannacry__66,wannacry,2884608,0,0,8,-2743296,0,1,0,57,71,51,4.012217282985556,0,4,49.0,4.05288688466662,0,1,0,0,0.0,66
wannacry__67,wannacry,2884608,0,0,8,-2843136,0,1,0,4,31,78,4.284683810317086,0,12,49.0,4.022075149884438,0,1,729,729,0.001371742112482853,67
wannacry__68,wannacry,2884608,0,0,8,-2004600,71,1,0,0,21,44,3.653756708287001,0,0,13.0,3.085055102756477,1,1,1,1,1.0,68
wannacry__69,wannacry,2884608,0,0,8,-2645832,41,1,0,2,21,91,3.653756708287001,0,12,49.0,4.05288688466662,0,1,665,665,0.001503759398496241,69
wannacry__70,wannacry,5267459,0,0,5,-1544195,0,1,0,98,71,150,4.038654563881132,1,18,49.0,4.05288688466662,0,1,1,1,1.0,70
wannacry__71,wannacry,2884608,0,0,8,-2693784,19,1,0,2,31,71,4.21163018107546,0,12,49.0,4.05288688466662,0,1,664,665,0.001503759398496241,71
wannacry__72,wannacry,5267459,0,0,5,-1544195,0,1,0,24,59,1,4.222501745936856,0,1,49.0,3.940442496823213,0,1,1,1,1.0,72
wannacry__73,wannacry,5267459,0,0,0,-1544195,0,1,0,2,21,44,3.653756708287001,0,5,49.5,4.091576014955406,0,1,679,679,0.002945508100147275,73
wannacry__74,wannacry,5267459,0,0,0,-1753091,0,1,0,52,21,37,3.880179922675738,0,0,49.0,4.05288688466662,0,1,667,667,0.001499250374812594,74
wannacry__75,wannacry,2884608,0,0,8,-2634944,0,1,0,52,71,116,4.055927185066686,0,11,49.0,4.05288688466662,0,1,727,727,0.001375515818431912,75
wannacry__76,wannacry,2884608,0,0,8,-2646496,0,1,0,47,21,244,3.653756708287001,93,325,49.0,4.05288688466662,0,1,673,673,0.001485884101040119,76
wannacry__77,wannacry,5267459,0,0,5,-1544195,21,1,0,93,21,75,3.880179922675738,0,12,49.0,4.05288688466662,0,1,679,679,0.001472754050073638,77
wannacry__78,wannacry,5267459,0,0,0,-1753091,21,1,0,0,21,44,3.653756708287001,0,0,49.0,4.022075149884438,0,1,727,727,0.001375515818431912,78
wannacry__79,wannacry,5267459,0,0,0,-2985987,21,1,0,155,71,47,4.000404035925418,0,9,49.0,4.05288688466662,0,1,665,665,0.001503759398496241,79
wannacry__80,wannacry,5267459,0,0,5,-1753091,21,1,0,0,21,0,3.880179922675738,0,0,49.0,4.05288688466662,0,1,721,721,0.001386962552011096,80
wannacry__81,wannacry,2884608,0,0,8,-2572256,0,1,0,137,31,31,4.195816471537618,1,50,49.0,4.022075149884438,0,1,664,664,0.001506024096385542,81
wannacry__82,wannacry,5267459,0,0,5,-1544195,21,1,0,0,21,0,3.880179922675738,0,0,0.0,0.0,0,0,2297,2298,0.0,82
wannacry__83,wannacry,2884608,0,0,8,-2705408,83,1,0,12,71,94,4.000345358270931,1,12,49.0,4.022075149884438,0,1,0,0,0.0,83
wannacry__84,wannacry,5267459,0,0,5,-1753091,21,1,0,0,21,16,3.653756708287001,0,0,49.0,4.05288688466662,0,1,666,666,0.001501501501501501,84
wannacry__85,wannacry,5267459,0,0,5,-1544195,21,1,0,0,21,44,3.653756708287001,0,0,0.0,0.0,0,0,709,709,0.0,85
wannacry__86,wannacry,2884608,0,0,8,-2781696,0,1,0,154,30,206,4.373557262275185,0,14,49.5,4.091576014955406,0,1,710,711,0.002812939521800281,86
wannacry__87,wannacry,5267459,0,0,5,-3285956,16,1,0,0,71,0,3.859922790136163,0,0,49.0,4.022075149884438,0,1,0,0,0.0,87
wannacry__88,wannacry,2884608,0,0,8,-2735104,86,1,0,122,21,85,3.653756708287001,0,23,49.0,4.05288688466662,0,1,717,717,0.001394700139470014,88
wannacry__89,wannacry,2884608,0,0,8,-1088056,83,1,0,0,21,20,3.653756708287001,0,0,0.0,0.0,0,0,717,717,0.0,89
wannacry__90,wannacry,5267459,0,0,0,-1753091,21,1,0,67,71,86,3.998938802353891,0,16,49.0,4.022075149884438,0,1,722,722,0.001385041551246537,90
wannacry__91,wannacry,5267459,0,0,0,-2985987,0,1,0,0,21,64,3.653756708287001,0,0,49.0,4.022075149884438,0,1,0,0,0.0,91
wannacry__92,wannacry,5267470,0,0,5,-2985998,21,1,0,46,21,251,3.653756708287001,0,354,49.0,4.022075149884438,0,1,672,672,0.001488095238095238,92
wannacry__93,wannacry,2884608,0,0,8,-2777600,0,1,0,0,21,0,3.880179922675738,0,0,0.0,0.0,0,0,2301,2302,0.0,93
wannacry__94,wannacry,2884608,0,0,8,-2618880,0,1,0,46,15,83,2.955913095175825,0,11,49.0,4.05288688466662,0,1,723,723,0.001383125864453665,94
wannacry__95,wannacry,5267459,0,0,5,-1544195,0,1,0,78,21,123,3.653756708287001,0,72,49.0,4.05288688466662,0,1,2313,2313,0.000207641196013289,95
wannacry__96,wannacry,5267459,0,0,5,-1753091,21,1,0,84,15,82,3.506890595608519,0,20,49.0,4.05288688466662,0,1,0,0,0.0,96
wannacry__97,wannacry,2884608,0,0,8,-2636224,62,1,0,115,71,55,3.806625726057244,0,31,16.0,3.202819531114783,0,1,2299,2299,0.0002541942043721403,97
wannacry__98,wannacry,5267459,0,0,5,-2985987,21,1,0,136,31,206,4.260332600569877,0,18,49.0,4.05288688466662,0,1,749,749,0.001335113484646195,98
wannacry__99,wannacry,2884608,0,0,8,-2772096,59,1,0,0,21,0,3.880179922675738,0,0,49.0,4.05288688466662,0,1,712,712,0.001404494382022472,99
wannacry__100,wannacry,3723264,0,0,4,-208896,21,1,0,2,21,79,3.653756708287001,0,4,0.0,0.0,0,0,679,679,0.0,100
wannacry__101,wannacry,5267459,0,0,0,-3205521,21,1,0,43,15,68,3.640223928941852,16,20,49.0,4.05288688466662,0,1,660,660,0.001515151515151515,101
wannacry__102,wannacry,5267459,0,0,5,-1753091,0,1,0,180,71,85,4.079776881325413,0,56,49.0,4.022075149884438,0,1,665,665,0.001503759398496241,102
wannacry__103,wannacry,5267459,0,0,5,-1544195,21,1,0,149,71,80,4.078636825025778,0,20,0.0,0.0,0,0,718,718,0.0,103
wannacry__104,wannacry,2884608,0,0,8,-2541280,68,1,0,39,71,76,4.116257028730807,0,12,49.0,4.022075149884438,0,1,720,720,0.001388888888888889,104
wannacry__105,wannacry,2884608,0,0,8,-2652160,0,1,0,93,31,77,4.195816471537618,0,13,49.0,4.022075149884438,0,1,748,748,0.001336898395721925,105
wannacry__106,wannacry,5267459,0,0,5,-2985987,21,1,0,12,71,58,4.026026437793248,0,7,49.0,4.022075149884438,0,1,726,726,0.001377410468319559,106
wannacry__107,wannacry,5267459,0,0,0,-1753091,21,1,0,6,31,80,4.349199939349344,0,26,0.0,0.0,0,0,665,665,0.0,107
wannacry__108,wannacry,2884608,0,0,8,-1295752,58,1,0,157,48,49,4.264460876028361,0,15,49.0,4.05288688466662,0,1,2308,2308,0.0003396739130434783,108
wannacry__109,wannacry,5267459,0,0,5,-1544195,21,1,0,72,71,85,4.082589993159495,0,34,0.0,0.0,0,0,739,739,0.0,109
wannacry__110,wannacry,5267459,0,0,5,-1753091,21,1,0,0,21,0,3.880179922675738,0,0,49.0,4.05288688466662,0,1,1,1,1.0,110
wannacry__111,wannacry,2884608,0,0,8,-2415080,61,1,0,144,71,51,3.980320627964565,0,13,49.0,4.05288688466662,0,1,0,0,0.0,111
wannacry__112,wannacry,5267459,0,0,5,-1753091,21,1,0,0,11,227,3.027169118440618,1,66,49.0,4.022075149884438,0,1,46,46,0.02173913043478261,112
wannacry__113,wannacry,3514368,0,0,0,-3473856,19,1,0,0,21,0,3.880179922675738,0,0,37.0,3.837867919786312,0,1,2304,2304,0.0005629045876723895,113
wannacry__114,wannacry,2884608,0,0,8,-2698256,0,1,0,22,31,127,4.284683810317086,0,25,49.0,4.05288688466662,0,1,665,665,0.001503759398496241,114
